{"475": {"0": [476, 0, false], "1": [475, 0, false], "2": [475, 0, false], "3": [539, 0, false]}, "476": {"0": [477, 0, false], "1": [475, 0, false], "2": [476, 0, false], "3": [540, 0, false]}, "477": {"0": [478, 0, false], "1": [476, 0, false], "2": [477, 0, false], "3": [541, 0, false]}, "478": {"0": [479, 0, false], "1": [477, 0, false], "2": [478, 0, false], "3": [542, 0, false]}, "479": {"0": [480, 0, false], "1": [478, 0, false], "2": [479, 0, false], "3": [543, 0, false]}, "480": {"0": [481, 0, false], "1": [479, 0, false], "2": [480, 0, false], "3": [544, 0, false]}, "481": {"0": [482, 0, false], "1": [480, 0, false], "2": [481, 0, false], "3": [545, 0, false]}, "482": {"0": [483, 0, false], "1": [481, 0, false], "2": [482, 0, false], "3": [546, 0, false]}, "483": {"0": [484, 0, false], "1": [482, 0, false], "2": [483, 0, false], "3": [547, 0, false]}, "484": {"0": [485, 0, false], "1": [483, 0, false], "2": [484, 0, false], "3": [548, 0, false]}, "485": {"0": [486, 0, false], "1": [484, 0, false], "2": [485, 0, false], "3": [549, 0, false]}, "486": {"0": [487, 0, false], "1": [485, 0, false], "2": [486, 0, false], "3": [550, 0, false]}, "487": {"0": [488, 0, false], "1": [486, 0, false], "2": [487, 0, false], "3": [551, 0, false]}, "488": {"0": [489, 0, false], "1": [487, 0, false], "2": [488, 0, false], "3": [552, 0, false]}, "489": {"0": [490, 0, false], "1": [488, 0, false], "2": [489, 0, false], "3": [553, 0, false]}, "490": {"0": [491, 0, false], "1": [489, 0, false], "2": [490, 0, false], "3": [554, 0, false]}, "491": {"0": [492, 0, false], "1": [490, 0, false], "2": [491, 0, false], "3": [555, 0, false]}, "492": {"0": [493, 0, false], "1": [491, 0, false], "2": [492, 0, false], "3": [556, 0, false]}, "493": {"0": [494, 0, false], "1": [492, 0, false], "2": [493, 0, false], "3": [557, 0, false]}, "494": {"0": [494, 0, false], "1": [493, 0, false], "2": [494, 0, false], "3": [558, 0, false]}, "539": {"0": [540, 0, false], "1": [539, 0, false], "2": [475, 0, false], "3": [603, 0, false]}, "540": {"0": [541, 0, false], "1": [539, 0, false], "2": [476, 0, false], "3": [604, 0, false]}, "541": {"0": [542, 0, false], "1": [540, 0, false], "2": [477, 0, false], "3": [605, 0, false]}, "542": {"0": [543, 0, false], "1": [541, 0, false], "2": [478, 0, false], "3": [606, 0, false]}, "543": {"0": [544, 0, false], "1": [542, 0, false], "2": [479, 0, false], "3": [607, 0, false]}, "544": {"0": [545, 0, false], "1": [543, 0, false], "2": [480, 0, false], "3": [608, 0, false]}, "545": {"0": [546, 0, false], "1": [544, 0, false], "2": [481, 0, false], "3": [609, 0, false]}, "546": {"0": [547, 0, false], "1": [545, 0, false], "2": [482, 0, false], "3": [610, 0, false]}, "547": {"0": [548, 0, false], "1": [546, 0, false], "2": [483, 0, false], "3": [611, 0, false]}, "548": {"0": [549, 0, false], "1": [547, 0, false], "2": [484, 0, false], "3": [612, 0, false]}, "549": {"0": [550, 0, false], "1": [548, 0, false], "2": [485, 0, false], "3": [613, 0, false]}, "550": {"0": [551, 0, false], "1": [549, 0, false], "2": [486, 0, false], "3": [614, 0, false]}, "551": {"0": [552, 0, false], "1": [550, 0, false], "2": [487, 0, false], "3": [615, 0, false]}, "552": {"0": [553, 0, false], "1": [551, 0, false], "2": [488, 0, false], "3": [616, 0, false]}, "553": {"0": [554, 0, false], "1": [552, 0, false], "2": [489, 0, false], "3": [617, 0, false]}, "554": {"0": [555, 0, false], "1": [553, 0, false], "2": [490, 0, false], "3": [618, 0, false]}, "555": {"0": [556, 0, false], "1": [554, 0, false], "2": [491, 0, false], "3": [619, 0, false]}, "556": {"0": [557, 0, false], "1": [555, 0, false], "2": [492, 0, false], "3": [620, 0, false]}, "557": {"0": [558, 0, false], "1": [556, 0, false], "2": [493, 0, false], "3": [621, 0, false]}, "558": {"0": [558, 0, false], "1": [557, 0, false], "2": [494, 0, false], "3": [622, 0, false]}, "602": {"0": [603, 0, false], "1": [602, 0, false], "2": [602, 0, false], "3": [666, 0, false]}, "603": {"0": [604, 0, false], "1": [602, 0, false], "2": [539, 0, false], "3": [667, 0, false]}, "604": {"0": [605, 0, false], "1": [603, 0, false], "2": [540, 0, false], "3": [668, 0, false]}, "605": {"0": [606, 0, false], "1": [604, 0, false], "2": [541, 0, false], "3": [669, 0, false]}, "606": {"0": [607, 0, false], "1": [605, 0, false], "2": [542, 0, false], "3": [670, 0, false]}, "607": {"0": [608, 0, false], "1": [606, 0, false], "2": [543, 0, false], "3": [671, 0, false]}, "608": {"0": [609, 0, false], "1": [607, 0, false], "2": [544, 0, false], "3": [672, 0, false]}, "609": {"0": [610, 0, false], "1": [608, 0, false], "2": [545, 0, false], "3": [673, 0, false]}, "610": {"0": [611, 0, false], "1": [609, 0, false], "2": [546, 0, false], "3": [674, 0, false]}, "611": {"0": [612, 0, false], "1": [610, 0, false], "2": [547, 0, false], "3": [675, 0, false]}, "612": {"0": [613, 0, false], "1": [611, 0, false], "2": [548, 0, false], "3": [676, 0, false]}, "613": {"0": [614, 0, false], "1": [612, 0, false], "2": [549, 0, false], "3": [677, 0, false]}, "614": {"0": [615, 0, false], "1": [613, 0, false], "2": [550, 0, false], "3": [678, 0, false]}, "615": {"0": [616, 0, false], "1": [614, 0, false], "2": [551, 0, false], "3": [679, 0, false]}, "616": {"0": [617, 0, false], "1": [615, 0, false], "2": [552, 0, false], "3": [680, 0, false]}, "617": {"0": [618, 0, false], "1": [616, 0, false], "2": [553, 0, false], "3": [681, 0, false]}, "618": {"0": [619, 0, false], "1": [617, 0, false], "2": [554, 0, false], "3": [682, 0, false]}, "619": {"0": [620, 0, false], "1": [618, 0, false], "2": [555, 0, false], "3": [683, 0, false]}, "620": {"0": [621, 0, false], "1": [619, 0, false], "2": [556, 0, false], "3": [684, 0, false]}, "621": {"0": [622, 0, false], "1": [620, 0, false], "2": [557, 0, false], "3": [685, 0, false]}, "622": {"0": [622, 0, false], "1": [621, 0, false], "2": [558, 0, false], "3": [686, 0, false]}, "666": {"0": [667, 0, false], "1": [666, 0, false], "2": [602, 0, false], "3": [730, 0, false]}, "667": {"0": [668, 0, false], "1": [666, 0, false], "2": [603, 0, false], "3": [731, 0, false]}, "668": {"0": [669, 0, false], "1": [667, 0, false], "2": [604, 0, false], "3": [732, 0, false]}, "669": {"0": [670, 0, false], "1": [668, 0, false], "2": [605, 0, false], "3": [733, 0, false]}, "670": {"0": [671, 0, false], "1": [669, 0, false], "2": [606, 0, false], "3": [670, 0, false]}, "671": {"0": [672, 0, false], "1": [670, 0, false], "2": [607, 0, false], "3": [671, 0, false]}, "672": {"0": [673, 0, false], "1": [671, 0, false], "2": [608, 0, false], "3": [672, 0, false]}, "673": {"0": [674, 0, false], "1": [672, 0, false], "2": [609, 0, false], "3": [673, 0, false]}, "674": {"0": [675, 0, false], "1": [673, 0, false], "2": [610, 0, false], "3": [674, 0, false]}, "675": {"0": [676, 0, false], "1": [674, 0, false], "2": [611, 0, false], "3": [675, 0, false]}, "676": {"0": [677, 0, false], "1": [675, 0, false], "2": [612, 0, false], "3": [676, 0, false]}, "677": {"0": [678, 0, false], "1": [676, 0, false], "2": [613, 0, false], "3": [677, 0, false]}, "678": {"0": [679, 0, false], "1": [677, 0, false], "2": [614, 0, false], "3": [742, 0, false]}, "679": {"0": [680, 0, false], "1": [678, 0, false], "2": [615, 0, false], "3": [743, 0, false]}, "680": {"0": [681, 0, false], "1": [679, 0, false], "2": [616, 0, false], "3": [744, 0, false]}, "681": {"0": [682, 0, false], "1": [680, 0, false], "2": [617, 0, false], "3": [745, 0, false]}, "682": {"0": [683, 0, false], "1": [681, 0, false], "2": [618, 0, false], "3": [746, 0, false]}, "683": {"0": [684, 0, false], "1": [682, 0, false], "2": [619, 0, false], "3": [747, 0, false]}, "684": {"0": [685, 0, false], "1": [683, 0, false], "2": [620, 0, false], "3": [748, 0, false]}, "685": {"0": [686, 0, false], "1": [684, 0, false], "2": [621, 0, false], "3": [685, 0, false]}, "686": {"0": [686, 0, false], "1": [685, 0, false], "2": [622, 0, false], "3": [686, 0, false]}, "692": {"0": [693, 0, false], "1": [692, 0, false], "2": [692, 0, false], "3": [756, 0, false]}, "693": {"0": [694, 0, false], "1": [692, 0, false], "2": [693, 0, false], "3": [757, 0, false]}, "694": {"0": [695, 0, false], "1": [693, 0, false], "2": [694, 0, false], "3": [758, 0, false]}, "695": {"0": [696, 0, false], "1": [694, 0, false], "2": [695, 0, false], "3": [759, 0, false]}, "696": {"0": [697, 0, false], "1": [695, 0, false], "2": [696, 0, false], "3": [760, 0, false]}, "697": {"0": [697, 0, false], "1": [696, 0, false], "2": [697, 0, false], "3": [697, 0, false]}, "730": {"0": [731, 0, false], "1": [730, 0, false], "2": [666, 0, false], "3": [794, 0, false]}, "731": {"0": [732, 0, false], "1": [730, 0, false], "2": [667, 0, false], "3": [795, 0, false]}, "732": {"0": [733, 0, false], "1": [731, 0, false], "2": [668, 0, false], "3": [796, 0, false]}, "733": {"0": [733, 0, false], "1": [732, 0, false], "2": [669, 0, false], "3": [733, 0, false]}, "742": {"0": [743, 0, false], "1": [742, 0, false], "2": [678, 0, false], "3": [806, 0, false]}, "743": {"0": [744, 0, false], "1": [742, 0, false], "2": [679, 0, false], "3": [807, 0, false]}, "744": {"0": [745, 0, false], "1": [743, 0, false], "2": [680, 0, false], "3": [808, 0, false]}, "745": {"0": [746, 0, false], "1": [744, 0, false], "2": [681, 0, false], "3": [809, 0, false]}, "746": {"0": [747, 0, false], "1": [745, 0, false], "2": [682, 0, false], "3": [810, 0, false]}, "747": {"0": [748, 0, false], "1": [746, 0, false], "2": [683, 0, false], "3": [811, 0, false]}, "748": {"0": [748, 0, false], "1": [747, 0, false], "2": [684, 0, false], "3": [748, 0, false]}, "756": {"0": [757, 0, false], "1": [756, 0, false], "2": [692, 0, false], "3": [820, 0, false]}, "757": {"0": [758, 0, false], "1": [756, 0, false], "2": [693, 0, false], "3": [821, 0, false]}, "758": {"0": [759, 0, false], "1": [757, 0, false], "2": [694, 0, false], "3": [822, 0, false]}, "759": {"0": [760, 0, false], "1": [758, 0, false], "2": [695, 0, false], "3": [823, 0, false]}, "760": {"0": [760, 0, false], "1": [759, 0, false], "2": [696, 0, false], "3": [760, 0, false]}, "794": {"0": [795, 0, false], "1": [794, 0, false], "2": [730, 0, false], "3": [858, 0, false]}, "795": {"0": [796, 0, false], "1": [794, 0, false], "2": [731, 0, false], "3": [859, 0, false]}, "796": {"0": [796, 0, false], "1": [795, 0, false], "2": [732, 0, false], "3": [796, 0, false]}, "806": {"0": [807, 0, false], "1": [806, 0, false], "2": [742, 0, false], "3": [870, 0, false]}, "807": {"0": [808, 0, false], "1": [806, 0, false], "2": [743, 0, false], "3": [871, 0, false]}, "808": {"0": [809, 0, false], "1": [807, 0, false], "2": [744, 0, false], "3": [872, 0, false]}, "809": {"0": [810, 0, false], "1": [808, 0, false], "2": [745, 0, false], "3": [809, 0, false]}, "810": {"0": [811, 0, false], "1": [809, 0, false], "2": [746, 0, false], "3": [810, 0, false]}, "811": {"0": [811, 0, false], "1": [810, 0, false], "2": [747, 0, false], "3": [811, 0, false]}, "820": {"0": [821, 0, false], "1": [820, 0, false], "2": [756, 0, false], "3": [884, 0, false]}, "821": {"0": [822, 0, false], "1": [820, 0, false], "2": [757, 0, false], "3": [885, 0, false]}, "822": {"0": [823, 0, false], "1": [821, 0, false], "2": [758, 0, false], "3": [886, 0, false]}, "823": {"0": [823, 0, false], "1": [822, 0, false], "2": [759, 0, false], "3": [887, 0, false]}, "858": {"0": [859, 0, false], "1": [858, 0, false], "2": [794, 0, false], "3": [922, 0, false]}, "859": {"0": [859, 0, false], "1": [858, 0, false], "2": [795, 0, false], "3": [923, 0, false]}, "870": {"0": [871, 0, false], "1": [870, 0, false], "2": [806, 0, false], "3": [934, 0, false]}, "871": {"0": [872, 0, false], "1": [870, 0, false], "2": [807, 0, false], "3": [935, 0, false]}, "872": {"0": [872, 0, false], "1": [871, 0, false], "2": [808, 0, false], "3": [936, 0, false]}, "884": {"0": [885, 0, false], "1": [884, 0, false], "2": [820, 0, false], "3": [948, 0, false]}, "885": {"0": [886, 0, false], "1": [884, 0, false], "2": [821, 0, false], "3": [949, 0, false]}, "886": {"0": [887, 0, false], "1": [885, 0, false], "2": [822, 0, false], "3": [950, 0, false]}, "887": {"0": [887, 0, false], "1": [886, 0, false], "2": [823, 0, false], "3": [951, 0, false]}, "921": {"0": [922, 0, false], "1": [921, 0, false], "2": [921, 0, false], "3": [985, 0, false]}, "922": {"0": [923, 0, false], "1": [921, 0, false], "2": [858, 0, false], "3": [986, 0, false]}, "923": {"0": [923, 0, false], "1": [922, 0, false], "2": [859, 0, false], "3": [987, 0, false]}, "934": {"0": [935, 0, false], "1": [934, 0, false], "2": [870, 0, false], "3": [998, 0, false]}, "935": {"0": [936, 0, false], "1": [934, 0, false], "2": [871, 0, false], "3": [999, 0, false]}, "936": {"0": [936, 0, false], "1": [935, 0, false], "2": [872, 0, false], "3": [1000, 0, false]}, "948": {"0": [949, 0, false], "1": [948, 0, false], "2": [884, 0, false], "3": [1012, 0, false]}, "949": {"0": [950, 0, false], "1": [948, 0, false], "2": [885, 0, false], "3": [1013, 0, false]}, "950": {"0": [951, 0, false], "1": [949, 0, false], "2": [886, 0, false], "3": [1014, 0, false]}, "951": {"0": [951, 0, false], "1": [950, 0, false], "2": [887, 0, false], "3": [1015, 0, false]}, "984": {"0": [985, 0, false], "1": [984, 0, false], "2": [984, 0, false], "3": [1048, 0, false]}, "985": {"0": [986, 0, false], "1": [984, 0, false], "2": [921, 0, false], "3": [1049, 0, false]}, "986": {"0": [987, 0, false], "1": [985, 0, false], "2": [922, 0, false], "3": [1050, 0, false]}, "987": {"0": [987, 0, false], "1": [986, 0, false], "2": [923, 0, false], "3": [1051, 0, false]}, "998": {"0": [999, 0, false], "1": [998, 0, false], "2": [934, 0, false], "3": [1062, 0, false]}, "999": {"0": [1000, 0, false], "1": [998, 0, false], "2": [935, 0, false], "3": [1063, 0, false]}, "1000": {"0": [1000, 0, false], "1": [999, 0, false], "2": [936, 0, false], "3": [1064, 0, false]}, "1012": {"0": [1013, 0, false], "1": [1012, 0, false], "2": [948, 0, false], "3": [1076, 0, false]}, "1013": {"0": [1014, 0, false], "1": [1012, 0, false], "2": [949, 0, false], "3": [1077, 0, false]}, "1014": {"0": [1015, 0, false], "1": [1013, 0, false], "2": [950, 0, false], "3": [1078, 0, false]}, "1015": {"0": [1015, 0, false], "1": [1014, 0, false], "2": [951, 0, false], "3": [1079, 0, false]}, "1048": {"0": [1049, 0, false], "1": [1048, 0, false], "2": [984, 0, false], "3": [1112, 0, false]}, "1049": {"0": [1050, 0, false], "1": [1048, 0, false], "2": [985, 0, false], "3": [1113, 0, false]}, "1050": {"0": [1051, 0, false], "1": [1049, 0, false], "2": [986, 0, false], "3": [1114, 0, false]}, "1051": {"0": [1051, 0, false], "1": [1050, 0, false], "2": [987, 0, false], "3": [1115, 0, false]}, "1062": {"0": [1063, 0, false], "1": [1062, 0, false], "2": [998, 0, false], "3": [1126, 0, false]}, "1063": {"0": [1064, 0, false], "1": [1062, 0, false], "2": [999, 0, false], "3": [1127, 0, false]}, "1064": {"0": [1064, 0, false], "1": [1063, 0, false], "2": [1000, 0, false], "3": [1128, 0, false]}, "1076": {"0": [1077, 0, false], "1": [1076, 0, false], "2": [1012, 0, false], "3": [1140, 0, false]}, "1077": {"0": [1078, 0, false], "1": [1076, 0, false], "2": [1013, 0, false], "3": [1141, 0, false]}, "1078": {"0": [1079, 0, false], "1": [1077, 0, false], "2": [1014, 0, false], "3": [1142, 0, false]}, "1079": {"0": [1079, 0, false], "1": [1078, 0, false], "2": [1015, 0, false], "3": [1143, 0, false]}, "1111": {"0": [1112, 0, false], "1": [1111, 0, false], "2": [1111, 0, false], "3": [1175, 0, false]}, "1112": {"0": [1113, 0, false], "1": [1111, 0, false], "2": [1048, 0, false], "3": [1176, 0, false]}, "1113": {"0": [1114, 0, false], "1": [1112, 0, false], "2": [1049, 0, false], "3": [1177, 0, false]}, "1114": {"0": [1115, 0, false], "1": [1113, 0, false], "2": [1050, 0, false], "3": [1178, 0, false]}, "1115": {"0": [1115, 0, false], "1": [1114, 0, false], "2": [1051, 0, false], "3": [1179, 0, false]}, "1126": {"0": [1127, 0, false], "1": [1126, 0, false], "2": [1062, 0, false], "3": [1190, 0, false]}, "1127": {"0": [1128, 0, false], "1": [1126, 0, false], "2": [1063, 0, false], "3": [1191, 0, false]}, "1128": {"0": [1128, 0, false], "1": [1127, 0, false], "2": [1064, 0, false], "3": [1192, 0, false]}, "1140": {"0": [1141, 0, false], "1": [1140, 0, false], "2": [1076, 0, false], "3": [1204, 0, false]}, "1141": {"0": [1142, 0, false], "1": [1140, 0, false], "2": [1077, 0, false], "3": [1205, 0, false]}, "1142": {"0": [1143, 0, false], "1": [1141, 0, false], "2": [1078, 0, false], "3": [1206, 0, false]}, "1143": {"0": [1143, 0, false], "1": [1142, 0, false], "2": [1079, 0, false], "3": [1207, 0, false]}, "1164": {"0": [1165, 0, false], "1": [1164, 0, false], "2": [1164, 0, false], "3": [1228, 0, false]}, "1165": {"0": [1166, 0, false], "1": [1164, 0, false], "2": [1165, 0, false], "3": [1229, 0, false]}, "1166": {"0": [1166, 0, false], "1": [1165, 0, false], "2": [1166, 0, false], "3": [1230, 150, true]}, "1175": {"0": [1176, 0, false], "1": [1175, 0, false], "2": [1111, 0, false], "3": [1239, 0, false]}, "1176": {"0": [1177, 0, false], "1": [1175, 0, false], "2": [1112, 0, false], "3": [1240, 0, false]}, "1177": {"0": [1178, 0, false], "1": [1176, 0, false], "2": [1113, 0, false], "3": [1241, 0, false]}, "1178": {"0": [1179, 0, false], "1": [1177, 0, false], "2": [1114, 0, false], "3": [1242, 0, false]}, "1179": {"0": [1179, 0, false], "1": [1178, 0, false], "2": [1115, 0, false], "3": [1243, 0, false]}, "1189": {"0": [1190, 0, false], "1": [1189, 0, false], "2": [1189, 0, false], "3": [1253, 0, false]}, "1190": {"0": [1191, 0, false], "1": [1189, 0, false], "2": [1126, 0, false], "3": [1254, 0, false]}, "1191": {"0": [1192, 0, false], "1": [1190, 0, false], "2": [1127, 0, false], "3": [1255, 0, false]}, "1192": {"0": [1192, 0, false], "1": [1191, 0, false], "2": [1128, 0, false], "3": [1256, 0, false]}, "1204": {"0": [1205, 0, false], "1": [1204, 0, false], "2": [1140, 0, false], "3": [1268, 0, false]}, "1205": {"0": [1206, 0, false], "1": [1204, 0, false], "2": [1141, 0, false], "3": [1269, 0, false]}, "1206": {"0": [1207, 0, false], "1": [1205, 0, false], "2": [1142, 0, false], "3": [1270, 0, false]}, "1207": {"0": [1207, 0, false], "1": [1206, 0, false], "2": [1143, 0, false], "3": [1271, 0, false]}, "1228": {"0": [1229, 0, false], "1": [1228, 0, false], "2": [1164, 0, false], "3": [1292, 0, false]}, "1229": {"0": [1230, 150, true], "1": [1228, 0, false], "2": [1165, 0, false], "3": [1293, 0, false]}, "1230": {"0": [1231, 0, false], "1": [1229, 0, false], "2": [1166, 0, false], "3": [1294, 0, false]}, "1231": {"0": [1231, 0, false], "1": [1230, 150, true], "2": [1231, 0, false], "3": [1295, 0, false]}, "1238": {"0": [1239, 0, false], "1": [1238, 0, false], "2": [1238, 0, false], "3": [1302, 0, false]}, "1239": {"0": [1240, 0, false], "1": [1238, 0, false], "2": [1175, 0, false], "3": [1303, 0, false]}, "1240": {"0": [1241, 0, false], "1": [1239, 0, false], "2": [1176, 0, false], "3": [1304, 0, false]}, "1241": {"0": [1242, 0, false], "1": [1240, 0, false], "2": [1177, 0, false], "3": [1305, 0, false]}, "1242": {"0": [1243, 0, false], "1": [1241, 0, false], "2": [1178, 0, false], "3": [1306, 0, false]}, "1243": {"0": [1244, 0, false], "1": [1242, 0, false], "2": [1179, 0, false], "3": [1307, 0, false]}, "1244": {"0": [1245, 0, false], "1": [1243, 0, false], "2": [1244, 0, false], "3": [1308, 0, false]}, "1245": {"0": [1246, 0, false], "1": [1244, 0, false], "2": [1245, 0, false], "3": [1309, 0, false]}, "1246": {"0": [1247, 0, false], "1": [1245, 0, false], "2": [1246, 0, false], "3": [1310, 0, false]}, "1247": {"0": [1248, 0, false], "1": [1246, 0, false], "2": [1247, 0, false], "3": [1311, 0, false]}, "1248": {"0": [1249, 0, false], "1": [1247, 0, false], "2": [1248, 0, false], "3": [1312, 0, false]}, "1249": {"0": [1250, 0, false], "1": [1248, 0, false], "2": [1249, 0, false], "3": [1313, 0, false]}, "1250": {"0": [1251, 0, false], "1": [1249, 0, false], "2": [1250, 0, false], "3": [1314, 0, false]}, "1251": {"0": [1252, 0, false], "1": [1250, 0, false], "2": [1251, 0, false], "3": [1315, 0, false]}, "1252": {"0": [1253, 0, false], "1": [1251, 0, false], "2": [1252, 0, false], "3": [1316, 0, false]}, "1253": {"0": [1254, 0, false], "1": [1252, 0, false], "2": [1189, 0, false], "3": [1317, 0, false]}, "1254": {"0": [1255, 0, false], "1": [1253, 0, false], "2": [1190, 0, false], "3": [1318, 0, false]}, "1255": {"0": [1256, 0, false], "1": [1254, 0, false], "2": [1191, 0, false], "3": [1319, 0, false]}, "1256": {"0": [1257, 0, false], "1": [1255, 0, false], "2": [1192, 0, false], "3": [1320, 0, false]}, "1257": {"0": [1257, 0, false], "1": [1256, 0, false], "2": [1257, 0, false], "3": [1321, 0, false]}, "1268": {"0": [1269, 0, false], "1": [1268, 0, false], "2": [1204, 0, false], "3": [1332, 0, false]}, "1269": {"0": [1270, 0, false], "1": [1268, 0, false], "2": [1205, 0, false], "3": [1333, 0, false]}, "1270": {"0": [1271, 0, false], "1": [1269, 0, false], "2": [1206, 0, false], "3": [1334, 0, false]}, "1271": {"0": [1271, 0, false], "1": [1270, 0, false], "2": [1207, 0, false], "3": [1335, 0, false]}, "1292": {"0": [1293, 0, false], "1": [1292, 0, false], "2": [1228, 0, false], "3": [1356, 0, false]}, "1293": {"0": [1294, 0, false], "1": [1292, 0, false], "2": [1229, 0, false], "3": [1357, 0, false]}, "1294": {"0": [1295, 0, false], "1": [1293, 0, false], "2": [1230, 150, true], "3": [1358, 0, false]}, "1295": {"0": [1296, 0, false], "1": [1294, 0, false], "2": [1231, 0, false], "3": [1359, 0, false]}, "1296": {"0": [1296, 0, false], "1": [1295, 0, false], "2": [1296, 0, false], "3": [1360, 0, false]}, "1301": {"0": [1302, 0, false], "1": [1301, 0, false], "2": [1301, 0, false], "3": [1365, 0, false]}, "1302": {"0": [1303, 0, false], "1": [1301, 0, false], "2": [1238, 0, false], "3": [1366, 0, false]}, "1303": {"0": [1304, 0, false], "1": [1302, 0, false], "2": [1239, 0, false], "3": [1367, 0, false]}, "1304": {"0": [1305, 0, false], "1": [1303, 0, false], "2": [1240, 0, false], "3": [1368, 0, false]}, "1305": {"0": [1306, 0, false], "1": [1304, 0, false], "2": [1241, 0, false], "3": [1369, 0, false]}, "1306": {"0": [1307, 0, false], "1": [1305, 0, false], "2": [1242, 0, false], "3": [1370, 0, false]}, "1307": {"0": [1308, 0, false], "1": [1306, 0, false], "2": [1243, 0, false], "3": [1371, 0, false]}, "1308": {"0": [1309, 0, false], "1": [1307, 0, false], "2": [1244, 0, false], "3": [1372, 0, false]}, "1309": {"0": [1310, 0, false], "1": [1308, 0, false], "2": [1245, 0, false], "3": [1373, 0, false]}, "1310": {"0": [1311, 0, false], "1": [1309, 0, false], "2": [1246, 0, false], "3": [1374, 0, false]}, "1311": {"0": [1312, 0, false], "1": [1310, 0, false], "2": [1247, 0, false], "3": [1375, 0, false]}, "1312": {"0": [1313, 0, false], "1": [1311, 0, false], "2": [1248, 0, false], "3": [1376, 0, false]}, "1313": {"0": [1314, 0, false], "1": [1312, 0, false], "2": [1249, 0, false], "3": [1377, 0, false]}, "1314": {"0": [1315, 0, false], "1": [1313, 0, false], "2": [1250, 0, false], "3": [1378, 0, false]}, "1315": {"0": [1316, 0, false], "1": [1314, 0, false], "2": [1251, 0, false], "3": [1379, 0, false]}, "1316": {"0": [1317, 0, false], "1": [1315, 0, false], "2": [1252, 0, false], "3": [1380, 0, false]}, "1317": {"0": [1318, 0, false], "1": [1316, 0, false], "2": [1253, 0, false], "3": [1381, 0, false]}, "1318": {"0": [1319, 0, false], "1": [1317, 0, false], "2": [1254, 0, false], "3": [1382, 0, false]}, "1319": {"0": [1320, 0, false], "1": [1318, 0, false], "2": [1255, 0, false], "3": [1383, 0, false]}, "1320": {"0": [1321, 0, false], "1": [1319, 0, false], "2": [1256, 0, false], "3": [1384, 0, false]}, "1321": {"0": [1322, 0, false], "1": [1320, 0, false], "2": [1257, 0, false], "3": [1385, 0, false]}, "1322": {"0": [1322, 0, false], "1": [1321, 0, false], "2": [1322, 0, false], "3": [1386, 0, false]}, "1332": {"0": [1333, 0, false], "1": [1332, 0, false], "2": [1268, 0, false], "3": [1396, 0, false]}, "1333": {"0": [1334, 0, false], "1": [1332, 0, false], "2": [1269, 0, false], "3": [1397, 0, false]}, "1334": {"0": [1335, 0, false], "1": [1333, 0, false], "2": [1270, 0, false], "3": [1398, 0, false]}, "1335": {"0": [1335, 0, false], "1": [1334, 0, false], "2": [1271, 0, false], "3": [1399, 0, false]}, "1356": {"0": [1357, 0, false], "1": [1356, 0, false], "2": [1292, 0, false], "3": [1420, 0, false]}, "1357": {"0": [1358, 0, false], "1": [1356, 0, false], "2": [1293, 0, false], "3": [1421, 0, false]}, "1358": {"0": [1359, 0, false], "1": [1357, 0, false], "2": [1294, 0, false], "3": [1422, 0, false]}, "1359": {"0": [1360, 0, false], "1": [1358, 0, false], "2": [1295, 0, false], "3": [1423, 0, false]}, "1360": {"0": [1361, 0, false], "1": [1359, 0, false], "2": [1296, 0, false], "3": [1424, 0, false]}, "1361": {"0": [1362, 0, false], "1": [1360, 0, false], "2": [1361, 0, false], "3": [1425, 0, false]}, "1362": {"0": [1363, 0, false], "1": [1361, 0, false], "2": [1362, 0, false], "3": [1426, 0, false]}, "1363": {"0": [1364, 0, false], "1": [1362, 0, false], "2": [1363, 0, false], "3": [1427, 0, false]}, "1364": {"0": [1365, 0, false], "1": [1363, 0, false], "2": [1364, 0, false], "3": [1428, 0, false]}, "1365": {"0": [1366, 0, false], "1": [1364, 0, false], "2": [1301, 0, false], "3": [1429, 0, false]}, "1366": {"0": [1367, 0, false], "1": [1365, 0, false], "2": [1302, 0, false], "3": [1430, 0, false]}, "1367": {"0": [1368, 0, false], "1": [1366, 0, false], "2": [1303, 0, false], "3": [1431, 0, false]}, "1368": {"0": [1369, 0, false], "1": [1367, 0, false], "2": [1304, 0, false], "3": [1432, 0, false]}, "1369": {"0": [1370, 0, false], "1": [1368, 0, false], "2": [1305, 0, false], "3": [1433, 0, false]}, "1370": {"0": [1371, 0, false], "1": [1369, 0, false], "2": [1306, 0, false], "3": [1434, 0, false]}, "1371": {"0": [1372, 0, false], "1": [1370, 0, false], "2": [1307, 0, false], "3": [1435, 0, false]}, "1372": {"0": [1373, 0, false], "1": [1371, 0, false], "2": [1308, 0, false], "3": [1436, 0, false]}, "1373": {"0": [1374, 0, false], "1": [1372, 0, false], "2": [1309, 0, false], "3": [1437, 0, false]}, "1374": {"0": [1375, 0, false], "1": [1373, 0, false], "2": [1310, 0, false], "3": [1438, 0, false]}, "1375": {"0": [1376, 0, false], "1": [1374, 0, false], "2": [1311, 0, false], "3": [1439, 0, false]}, "1376": {"0": [1377, 0, false], "1": [1375, 0, false], "2": [1312, 0, false], "3": [1440, 0, false]}, "1377": {"0": [1378, 0, false], "1": [1376, 0, false], "2": [1313, 0, false], "3": [1441, 0, false]}, "1378": {"0": [1379, 0, false], "1": [1377, 0, false], "2": [1314, 0, false], "3": [1442, 0, false]}, "1379": {"0": [1380, 0, false], "1": [1378, 0, false], "2": [1315, 0, false], "3": [1443, 0, false]}, "1380": {"0": [1381, 0, false], "1": [1379, 0, false], "2": [1316, 0, false], "3": [1444, 0, false]}, "1381": {"0": [1382, 0, false], "1": [1380, 0, false], "2": [1317, 0, false], "3": [1445, 0, false]}, "1382": {"0": [1383, 0, false], "1": [1381, 0, false], "2": [1318, 0, false], "3": [1446, 0, false]}, "1383": {"0": [1384, 0, false], "1": [1382, 0, false], "2": [1319, 0, false], "3": [1447, 0, false]}, "1384": {"0": [1385, 0, false], "1": [1383, 0, false], "2": [1320, 0, false], "3": [1448, 0, false]}, "1385": {"0": [1386, 0, false], "1": [1384, 0, false], "2": [1321, 0, false], "3": [1449, 0, false]}, "1386": {"0": [1387, 0, false], "1": [1385, 0, false], "2": [1322, 0, false], "3": [1450, 0, false]}, "1387": {"0": [1388, 0, false], "1": [1386, 0, false], "2": [1387, 0, false], "3": [1451, 0, false]}, "1388": {"0": [1389, 0, false], "1": [1387, 0, false], "2": [1388, 0, false], "3": [1452, 0, false]}, "1389": {"0": [1390, 0, false], "1": [1388, 0, false], "2": [1389, 0, false], "3": [1453, 0, false]}, "1390": {"0": [1391, 0, false], "1": [1389, 0, false], "2": [1390, 0, false], "3": [1454, 0, false]}, "1391": {"0": [1392, 0, false], "1": [1390, 0, false], "2": [1391, 0, false], "3": [1455, 0, false]}, "1392": {"0": [1393, 0, false], "1": [1391, 0, false], "2": [1392, 0, false], "3": [1456, 0, false]}, "1393": {"0": [1394, 0, false], "1": [1392, 0, false], "2": [1393, 0, false], "3": [1457, 0, false]}, "1394": {"0": [1395, 0, false], "1": [1393, 0, false], "2": [1394, 0, false], "3": [1458, 0, false]}, "1395": {"0": [1396, 0, false], "1": [1394, 0, false], "2": [1395, 0, false], "3": [1459, 0, false]}, "1396": {"0": [1397, 0, false], "1": [1395, 0, false], "2": [1332, 0, false], "3": [1460, 0, false]}, "1397": {"0": [1398, 0, false], "1": [1396, 0, false], "2": [1333, 0, false], "3": [1461, 0, false]}, "1398": {"0": [1399, 0, false], "1": [1397, 0, false], "2": [1334, 0, false], "3": [1462, 0, false]}, "1399": {"0": [1399, 0, false], "1": [1398, 0, false], "2": [1335, 0, false], "3": [1463, 0, false]}, "1418": {"0": [1419, 0, false], "1": [1418, 0, false], "2": [1418, 0, false], "3": [1482, 0, false]}, "1419": {"0": [1420, 0, false], "1": [1418, 0, false], "2": [1419, 0, false], "3": [1483, 0, false]}, "1420": {"0": [1421, 0, false], "1": [1419, 0, false], "2": [1356, 0, false], "3": [1484, 0, false]}, "1421": {"0": [1422, 0, false], "1": [1420, 0, false], "2": [1357, 0, false], "3": [1485, 0, false]}, "1422": {"0": [1423, 0, false], "1": [1421, 0, false], "2": [1358, 0, false], "3": [1486, 0, false]}, "1423": {"0": [1424, 0, false], "1": [1422, 0, false], "2": [1359, 0, false], "3": [1487, 0, false]}, "1424": {"0": [1425, 0, false], "1": [1423, 0, false], "2": [1360, 0, false], "3": [1488, 0, false]}, "1425": {"0": [1426, 0, false], "1": [1424, 0, false], "2": [1361, 0, false], "3": [1489, 0, false]}, "1426": {"0": [1427, 0, false], "1": [1425, 0, false], "2": [1362, 0, false], "3": [1490, 0, false]}, "1427": {"0": [1428, 0, false], "1": [1426, 0, false], "2": [1363, 0, false], "3": [1491, 0, false]}, "1428": {"0": [1429, 0, false], "1": [1427, 0, false], "2": [1364, 0, false], "3": [1492, 0, false]}, "1429": {"0": [1430, 0, false], "1": [1428, 0, false], "2": [1365, 0, false], "3": [1493, 0, false]}, "1430": {"0": [1431, 0, false], "1": [1429, 0, false], "2": [1366, 0, false], "3": [1494, 0, false]}, "1431": {"0": [1432, 0, false], "1": [1430, 0, false], "2": [1367, 0, false], "3": [1495, 0, false]}, "1432": {"0": [1433, 0, false], "1": [1431, 0, false], "2": [1368, 0, false], "3": [1496, 0, false]}, "1433": {"0": [1434, 0, false], "1": [1432, 0, false], "2": [1369, 0, false], "3": [1497, 0, false]}, "1434": {"0": [1435, 0, false], "1": [1433, 0, false], "2": [1370, 0, false], "3": [1498, 0, false]}, "1435": {"0": [1436, 0, false], "1": [1434, 0, false], "2": [1371, 0, false], "3": [1435, 0, false]}, "1436": {"0": [1437, 0, false], "1": [1435, 0, false], "2": [1372, 0, false], "3": [1436, 0, false]}, "1437": {"0": [1438, 0, false], "1": [1436, 0, false], "2": [1373, 0, false], "3": [1437, 0, false]}, "1438": {"0": [1439, 0, false], "1": [1437, 0, false], "2": [1374, 0, false], "3": [1438, 0, false]}, "1439": {"0": [1440, 0, false], "1": [1438, 0, false], "2": [1375, 0, false], "3": [1439, 0, false]}, "1440": {"0": [1441, 0, false], "1": [1439, 0, false], "2": [1376, 0, false], "3": [1440, 0, false]}, "1441": {"0": [1442, 0, false], "1": [1440, 0, false], "2": [1377, 0, false], "3": [1441, 0, false]}, "1442": {"0": [1443, 0, false], "1": [1441, 0, false], "2": [1378, 0, false], "3": [1442, 0, false]}, "1443": {"0": [1444, 0, false], "1": [1442, 0, false], "2": [1379, 0, false], "3": [1443, 0, false]}, "1444": {"0": [1445, 0, false], "1": [1443, 0, false], "2": [1380, 0, false], "3": [1444, 0, false]}, "1445": {"0": [1446, 0, false], "1": [1444, 0, false], "2": [1381, 0, false], "3": [1445, 0, false]}, "1446": {"0": [1447, 0, false], "1": [1445, 0, false], "2": [1382, 0, false], "3": [1510, 0, false]}, "1447": {"0": [1448, 0, false], "1": [1446, 0, false], "2": [1383, 0, false], "3": [1511, 0, false]}, "1448": {"0": [1449, 0, false], "1": [1447, 0, false], "2": [1384, 0, false], "3": [1512, 0, false]}, "1449": {"0": [1450, 0, false], "1": [1448, 0, false], "2": [1385, 0, false], "3": [1513, 0, false]}, "1450": {"0": [1451, 0, false], "1": [1449, 0, false], "2": [1386, 0, false], "3": [1514, 0, false]}, "1451": {"0": [1452, 0, false], "1": [1450, 0, false], "2": [1387, 0, false], "3": [1515, 0, false]}, "1452": {"0": [1453, 0, false], "1": [1451, 0, false], "2": [1388, 0, false], "3": [1516, 0, false]}, "1453": {"0": [1454, 0, false], "1": [1452, 0, false], "2": [1389, 0, false], "3": [1517, 0, false]}, "1454": {"0": [1455, 0, false], "1": [1453, 0, false], "2": [1390, 0, false], "3": [1518, 0, false]}, "1455": {"0": [1456, 0, false], "1": [1454, 0, false], "2": [1391, 0, false], "3": [1519, 0, false]}, "1456": {"0": [1457, 0, false], "1": [1455, 0, false], "2": [1392, 0, false], "3": [1520, 0, false]}, "1457": {"0": [1458, 0, false], "1": [1456, 0, false], "2": [1393, 0, false], "3": [1521, 0, false]}, "1458": {"0": [1459, 0, false], "1": [1457, 0, false], "2": [1394, 0, false], "3": [1522, 0, false]}, "1459": {"0": [1460, 0, false], "1": [1458, 0, false], "2": [1395, 0, false], "3": [1523, 0, false]}, "1460": {"0": [1461, 0, false], "1": [1459, 0, false], "2": [1396, 0, false], "3": [1524, 0, false]}, "1461": {"0": [1462, 0, false], "1": [1460, 0, false], "2": [1397, 0, false], "3": [1525, 0, false]}, "1462": {"0": [1463, 0, false], "1": [1461, 0, false], "2": [1398, 0, false], "3": [1526, 0, false]}, "1463": {"0": [1463, 0, false], "1": [1462, 0, false], "2": [1399, 0, false], "3": [1527, 0, false]}, "1482": {"0": [1483, 0, false], "1": [1482, 0, false], "2": [1418, 0, false], "3": [1546, 0, false]}, "1483": {"0": [1484, 0, false], "1": [1482, 0, false], "2": [1419, 0, false], "3": [1547, 0, false]}, "1484": {"0": [1485, 0, false], "1": [1483, 0, false], "2": [1420, 0, false], "3": [1548, 0, false]}, "1485": {"0": [1486, 0, false], "1": [1484, 0, false], "2": [1421, 0, false], "3": [1549, 0, false]}, "1486": {"0": [1487, 0, false], "1": [1485, 0, false], "2": [1422, 0, false], "3": [1550, 0, false]}, "1487": {"0": [1488, 0, false], "1": [1486, 0, false], "2": [1423, 0, false], "3": [1551, 0, false]}, "1488": {"0": [1489, 0, false], "1": [1487, 0, false], "2": [1424, 0, false], "3": [1552, 0, false]}, "1489": {"0": [1490, 0, false], "1": [1488, 0, false], "2": [1425, 0, false], "3": [1553, 0, false]}, "1490": {"0": [1491, 0, false], "1": [1489, 0, false], "2": [1426, 0, false], "3": [1554, 0, false]}, "1491": {"0": [1492, 0, false], "1": [1490, 0, false], "2": [1427, 0, false], "3": [1555, 0, false]}, "1492": {"0": [1493, 0, false], "1": [1491, 0, false], "2": [1428, 0, false], "3": [1556, 0, false]}, "1493": {"0": [1494, 0, false], "1": [1492, 0, false], "2": [1429, 0, false], "3": [1557, 0, false]}, "1494": {"0": [1495, 0, false], "1": [1493, 0, false], "2": [1430, 0, false], "3": [1558, 0, false]}, "1495": {"0": [1496, 0, false], "1": [1494, 0, false], "2": [1431, 0, false], "3": [1559, 0, false]}, "1496": {"0": [1497, 0, false], "1": [1495, 0, false], "2": [1432, 0, false], "3": [1560, 0, false]}, "1497": {"0": [1498, 0, false], "1": [1496, 0, false], "2": [1433, 0, false], "3": [1561, 0, false]}, "1498": {"0": [1498, 0, false], "1": [1497, 0, false], "2": [1434, 0, false], "3": [1498, 0, false]}, "1510": {"0": [1511, 0, false], "1": [1510, 0, false], "2": [1446, 0, false], "3": [1574, 0, false]}, "1511": {"0": [1512, 0, false], "1": [1510, 0, false], "2": [1447, 0, false], "3": [1575, 0, false]}, "1512": {"0": [1513, 0, false], "1": [1511, 0, false], "2": [1448, 0, false], "3": [1576, 0, false]}, "1513": {"0": [1514, 0, false], "1": [1512, 0, false], "2": [1449, 0, false], "3": [1577, 0, false]}, "1514": {"0": [1515, 0, false], "1": [1513, 0, false], "2": [1450, 0, false], "3": [1578, 0, false]}, "1515": {"0": [1516, 0, false], "1": [1514, 0, false], "2": [1451, 0, false], "3": [1579, 0, false]}, "1516": {"0": [1517, 0, false], "1": [1515, 0, false], "2": [1452, 0, false], "3": [1580, 0, false]}, "1517": {"0": [1518, 0, false], "1": [1516, 0, false], "2": [1453, 0, false], "3": [1581, 0, false]}, "1518": {"0": [1519, 0, false], "1": [1517, 0, false], "2": [1454, 0, false], "3": [1582, 0, false]}, "1519": {"0": [1520, 0, false], "1": [1518, 0, false], "2": [1455, 0, false], "3": [1583, 0, false]}, "1520": {"0": [1521, 0, false], "1": [1519, 0, false], "2": [1456, 0, false], "3": [1584, 0, false]}, "1521": {"0": [1522, 0, false], "1": [1520, 0, false], "2": [1457, 0, false], "3": [1585, 0, false]}, "1522": {"0": [1523, 0, false], "1": [1521, 0, false], "2": [1458, 0, false], "3": [1586, 0, false]}, "1523": {"0": [1524, 0, false], "1": [1522, 0, false], "2": [1459, 0, false], "3": [1587, 0, false]}, "1524": {"0": [1525, 0, false], "1": [1523, 0, false], "2": [1460, 0, false], "3": [1588, 0, false]}, "1525": {"0": [1526, 0, false], "1": [1524, 0, false], "2": [1461, 0, false], "3": [1589, 0, false]}, "1526": {"0": [1527, 0, false], "1": [1525, 0, false], "2": [1462, 0, false], "3": [1590, 0, false]}, "1527": {"0": [1527, 0, false], "1": [1526, 0, false], "2": [1463, 0, false], "3": [1591, 0, false]}, "1543": {"0": [1544, 0, false], "1": [1543, 0, false], "2": [1543, 0, false], "3": [1607, 0, false]}, "1544": {"0": [1545, 0, false], "1": [1543, 0, false], "2": [1544, 0, false], "3": [1608, 0, false]}, "1545": {"0": [1546, 0, false], "1": [1544, 0, false], "2": [1545, 0, false], "3": [1609, 0, false]}, "1546": {"0": [1547, 0, false], "1": [1545, 0, false], "2": [1482, 0, false], "3": [1610, 0, false]}, "1547": {"0": [1548, 0, false], "1": [1546, 0, false], "2": [1483, 0, false], "3": [1611, 0, false]}, "1548": {"0": [1549, 0, false], "1": [1547, 0, false], "2": [1484, 0, false], "3": [1612, 0, false]}, "1549": {"0": [1550, 0, false], "1": [1548, 0, false], "2": [1485, 0, false], "3": [1613, 0, false]}, "1550": {"0": [1551, 0, false], "1": [1549, 0, false], "2": [1486, 0, false], "3": [1614, 0, false]}, "1551": {"0": [1552, 0, false], "1": [1550, 0, false], "2": [1487, 0, false], "3": [1615, 0, false]}, "1552": {"0": [1553, 0, false], "1": [1551, 0, false], "2": [1488, 0, false], "3": [1552, 0, false]}, "1553": {"0": [1554, 0, false], "1": [1552, 0, false], "2": [1489, 0, false], "3": [1553, 0, false]}, "1554": {"0": [1555, 0, false], "1": [1553, 0, false], "2": [1490, 0, false], "3": [1554, 0, false]}, "1555": {"0": [1556, 0, false], "1": [1554, 0, false], "2": [1491, 0, false], "3": [1619, 0, false]}, "1556": {"0": [1557, 0, false], "1": [1555, 0, false], "2": [1492, 0, false], "3": [1620, 0, false]}, "1557": {"0": [1558, 0, false], "1": [1556, 0, false], "2": [1493, 0, false], "3": [1621, 0, false]}, "1558": {"0": [1559, 0, false], "1": [1557, 0, false], "2": [1494, 0, false], "3": [1622, 0, false]}, "1559": {"0": [1560, 0, false], "1": [1558, 0, false], "2": [1495, 0, false], "3": [1623, 0, false]}, "1560": {"0": [1561, 0, false], "1": [1559, 0, false], "2": [1496, 0, false], "3": [1624, 0, false]}, "1561": {"0": [1561, 0, false], "1": [1560, 0, false], "2": [1497, 0, false], "3": [1561, 0, false]}, "1574": {"0": [1575, 0, false], "1": [1574, 0, false], "2": [1510, 0, false], "3": [1638, 0, false]}, "1575": {"0": [1576, 0, false], "1": [1574, 0, false], "2": [1511, 0, false], "3": [1639, 0, false]}, "1576": {"0": [1577, 0, false], "1": [1575, 0, false], "2": [1512, 0, false], "3": [1640, 0, false]}, "1577": {"0": [1578, 0, false], "1": [1576, 0, false], "2": [1513, 0, false], "3": [1641, 0, false]}, "1578": {"0": [1579, 0, false], "1": [1577, 0, false], "2": [1514, 0, false], "3": [1642, 0, false]}, "1579": {"0": [1580, 0, false], "1": [1578, 0, false], "2": [1515, 0, false], "3": [1643, 0, false]}, "1580": {"0": [1581, 0, false], "1": [1579, 0, false], "2": [1516, 0, false], "3": [1644, 0, false]}, "1581": {"0": [1582, 0, false], "1": [1580, 0, false], "2": [1517, 0, false], "3": [1581, 0, false]}, "1582": {"0": [1583, 0, false], "1": [1581, 0, false], "2": [1518, 0, false], "3": [1582, 0, false]}, "1583": {"0": [1584, 0, false], "1": [1582, 0, false], "2": [1519, 0, false], "3": [1583, 0, false]}, "1584": {"0": [1585, 0, false], "1": [1583, 0, false], "2": [1520, 0, false], "3": [1584, 0, false]}, "1585": {"0": [1586, 0, false], "1": [1584, 0, false], "2": [1521, 0, false], "3": [1585, 0, false]}, "1586": {"0": [1587, 0, false], "1": [1585, 0, false], "2": [1522, 0, false], "3": [1586, 0, false]}, "1587": {"0": [1588, 0, false], "1": [1586, 0, false], "2": [1523, 0, false], "3": [1651, 0, false]}, "1588": {"0": [1589, 0, false], "1": [1587, 0, false], "2": [1524, 0, false], "3": [1652, 0, false]}, "1589": {"0": [1590, 0, false], "1": [1588, 0, false], "2": [1525, 0, false], "3": [1653, 0, false]}, "1590": {"0": [1591, 0, false], "1": [1589, 0, false], "2": [1526, 0, false], "3": [1654, 0, false]}, "1591": {"0": [1591, 0, false], "1": [1590, 0, false], "2": [1527, 0, false], "3": [1655, 0, false]}, "1607": {"0": [1608, 0, false], "1": [1607, 0, false], "2": [1543, 0, false], "3": [1671, 0, false]}, "1608": {"0": [1609, 0, false], "1": [1607, 0, false], "2": [1544, 0, false], "3": [1672, 0, false]}, "1609": {"0": [1610, 0, false], "1": [1608, 0, false], "2": [1545, 0, false], "3": [1673, 0, false]}, "1610": {"0": [1611, 0, false], "1": [1609, 0, false], "2": [1546, 0, false], "3": [1674, 0, false]}, "1611": {"0": [1612, 0, false], "1": [1610, 0, false], "2": [1547, 0, false], "3": [1675, 0, false]}, "1612": {"0": [1613, 0, false], "1": [1611, 0, false], "2": [1548, 0, false], "3": [1676, 0, false]}, "1613": {"0": [1614, 0, false], "1": [1612, 0, false], "2": [1549, 0, false], "3": [1677, 0, false]}, "1614": {"0": [1615, 0, false], "1": [1613, 0, false], "2": [1550, 0, false], "3": [1678, 0, false]}, "1615": {"0": [1615, 0, false], "1": [1614, 0, false], "2": [1551, 0, false], "3": [1615, 0, false]}, "1619": {"0": [1620, 0, false], "1": [1619, 0, false], "2": [1555, 0, false], "3": [1619, 0, false]}, "1620": {"0": [1621, 0, false], "1": [1619, 0, false], "2": [1556, 0, false], "3": [1684, 0, false]}, "1621": {"0": [1622, 0, false], "1": [1620, 0, false], "2": [1557, 0, false], "3": [1685, 0, false]}, "1622": {"0": [1623, 0, false], "1": [1621, 0, false], "2": [1558, 0, false], "3": [1686, 0, false]}, "1623": {"0": [1624, 0, false], "1": [1622, 0, false], "2": [1559, 0, false], "3": [1687, 0, false]}, "1624": {"0": [1624, 0, false], "1": [1623, 0, false], "2": [1560, 0, false], "3": [1688, 0, false]}, "1638": {"0": [1639, 0, false], "1": [1638, 0, false], "2": [1574, 0, false], "3": [1638, 0, false]}, "1639": {"0": [1640, 0, false], "1": [1638, 0, false], "2": [1575, 0, false], "3": [1639, 0, false]}, "1640": {"0": [1641, 0, false], "1": [1639, 0, false], "2": [1576, 0, false], "3": [1704, 0, false]}, "1641": {"0": [1642, 0, false], "1": [1640, 0, false], "2": [1577, 0, false], "3": [1705, 0, false]}, "1642": {"0": [1643, 0, false], "1": [1641, 0, false], "2": [1578, 0, false], "3": [1706, 0, false]}, "1643": {"0": [1644, 0, false], "1": [1642, 0, false], "2": [1579, 0, false], "3": [1707, 0, false]}, "1644": {"0": [1644, 0, false], "1": [1643, 0, false], "2": [1580, 0, false], "3": [1644, 0, false]}, "1651": {"0": [1652, 0, false], "1": [1651, 0, false], "2": [1587, 0, false], "3": [1715, 0, false]}, "1652": {"0": [1653, 0, false], "1": [1651, 0, false], "2": [1588, 0, false], "3": [1716, 0, false]}, "1653": {"0": [1654, 0, false], "1": [1652, 0, false], "2": [1589, 0, false], "3": [1717, 0, false]}, "1654": {"0": [1655, 0, false], "1": [1653, 0, false], "2": [1590, 0, false], "3": [1718, 0, false]}, "1655": {"0": [1655, 0, false], "1": [1654, 0, false], "2": [1591, 0, false], "3": [1719, 0, false]}, "1671": {"0": [1672, 0, false], "1": [1671, 0, false], "2": [1607, 0, false], "3": [1735, 0, false]}, "1672": {"0": [1673, 0, false], "1": [1671, 0, false], "2": [1608, 0, false], "3": [1736, 0, false]}, "1673": {"0": [1674, 0, false], "1": [1672, 0, false], "2": [1609, 0, false], "3": [1737, 0, false]}, "1674": {"0": [1675, 0, false], "1": [1673, 0, false], "2": [1610, 0, false], "3": [1738, 0, false]}, "1675": {"0": [1676, 0, false], "1": [1674, 0, false], "2": [1611, 0, false], "3": [1739, 0, false]}, "1676": {"0": [1677, 0, false], "1": [1675, 0, false], "2": [1612, 0, false], "3": [1740, 0, false]}, "1677": {"0": [1678, 0, false], "1": [1676, 0, false], "2": [1613, 0, false], "3": [1741, 0, false]}, "1678": {"0": [1678, 0, false], "1": [1677, 0, false], "2": [1614, 0, false], "3": [1678, 0, false]}, "1684": {"0": [1685, 0, false], "1": [1684, 0, false], "2": [1620, 0, false], "3": [1748, 0, false]}, "1685": {"0": [1686, 0, false], "1": [1684, 0, false], "2": [1621, 0, false], "3": [1749, 0, false]}, "1686": {"0": [1687, 0, false], "1": [1685, 0, false], "2": [1622, 0, false], "3": [1750, 0, false]}, "1687": {"0": [1688, 0, false], "1": [1686, 0, false], "2": [1623, 0, false], "3": [1751, 0, false]}, "1688": {"0": [1688, 0, false], "1": [1687, 0, false], "2": [1624, 0, false], "3": [1752, 0, false]}, "1704": {"0": [1705, 0, false], "1": [1704, 0, false], "2": [1640, 0, false], "3": [1768, 0, false]}, "1705": {"0": [1706, 0, false], "1": [1704, 0, false], "2": [1641, 0, false], "3": [1769, 0, false]}, "1706": {"0": [1707, 0, false], "1": [1705, 0, false], "2": [1642, 0, false], "3": [1770, 0, false]}, "1707": {"0": [1707, 0, false], "1": [1706, 0, false], "2": [1643, 0, false], "3": [1771, 0, false]}, "1715": {"0": [1716, 0, false], "1": [1715, 0, false], "2": [1651, 0, false], "3": [1715, 0, false]}, "1716": {"0": [1717, 0, false], "1": [1715, 0, false], "2": [1652, 0, false], "3": [1780, 0, false]}, "1717": {"0": [1718, 0, false], "1": [1716, 0, false], "2": [1653, 0, false], "3": [1781, 0, false]}, "1718": {"0": [1719, 0, false], "1": [1717, 0, false], "2": [1654, 0, false], "3": [1782, 0, false]}, "1719": {"0": [1720, 0, false], "1": [1718, 0, false], "2": [1655, 0, false], "3": [1783, 0, false]}, "1720": {"0": [1720, 0, false], "1": [1719, 0, false], "2": [1720, 0, false], "3": [1784, 0, false]}, "1735": {"0": [1736, 0, false], "1": [1735, 0, false], "2": [1671, 0, false], "3": [1799, 0, false]}, "1736": {"0": [1737, 0, false], "1": [1735, 0, false], "2": [1672, 0, false], "3": [1800, 0, false]}, "1737": {"0": [1738, 0, false], "1": [1736, 0, false], "2": [1673, 0, false], "3": [1801, 0, false]}, "1738": {"0": [1739, 0, false], "1": [1737, 0, false], "2": [1674, 0, false], "3": [1802, 0, false]}, "1739": {"0": [1740, 0, false], "1": [1738, 0, false], "2": [1675, 0, false], "3": [1803, 0, false]}, "1740": {"0": [1741, 0, false], "1": [1739, 0, false], "2": [1676, 0, false], "3": [1804, 0, false]}, "1741": {"0": [1741, 0, false], "1": [1740, 0, false], "2": [1677, 0, false], "3": [1741, 0, false]}, "1748": {"0": [1749, 0, false], "1": [1748, 0, false], "2": [1684, 0, false], "3": [1748, 0, false]}, "1749": {"0": [1750, 0, false], "1": [1748, 0, false], "2": [1685, 0, false], "3": [1813, 0, false]}, "1750": {"0": [1751, 0, false], "1": [1749, 0, false], "2": [1686, 0, false], "3": [1814, 0, false]}, "1751": {"0": [1752, 0, false], "1": [1750, 0, false], "2": [1687, 0, false], "3": [1815, 0, false]}, "1752": {"0": [1752, 0, false], "1": [1751, 0, false], "2": [1688, 0, false], "3": [1816, 0, false]}, "1768": {"0": [1769, 0, false], "1": [1768, 0, false], "2": [1704, 0, false], "3": [1832, 0, false]}, "1769": {"0": [1770, 0, false], "1": [1768, 0, false], "2": [1705, 0, false], "3": [1833, 0, false]}, "1770": {"0": [1771, 0, false], "1": [1769, 0, false], "2": [1706, 0, false], "3": [1834, 0, false]}, "1771": {"0": [1771, 0, false], "1": [1770, 0, false], "2": [1707, 0, false], "3": [1835, 0, false]}, "1780": {"0": [1781, 0, false], "1": [1780, 0, false], "2": [1716, 0, false], "3": [1844, 0, false]}, "1781": {"0": [1782, 0, false], "1": [1780, 0, false], "2": [1717, 0, false], "3": [1845, 0, false]}, "1782": {"0": [1783, 0, false], "1": [1781, 0, false], "2": [1718, 0, false], "3": [1846, 0, false]}, "1783": {"0": [1784, 0, false], "1": [1782, 0, false], "2": [1719, 0, false], "3": [1847, 0, false]}, "1784": {"0": [1784, 0, false], "1": [1783, 0, false], "2": [1720, 0, false], "3": [1848, 0, false]}, "1799": {"0": [1800, 0, false], "1": [1799, 0, false], "2": [1735, 0, false], "3": [1863, 0, false]}, "1800": {"0": [1801, 0, false], "1": [1799, 0, false], "2": [1736, 0, false], "3": [1864, 0, false]}, "1801": {"0": [1802, 0, false], "1": [1800, 0, false], "2": [1737, 0, false], "3": [1865, 0, false]}, "1802": {"0": [1803, 0, false], "1": [1801, 0, false], "2": [1738, 0, false], "3": [1866, 0, false]}, "1803": {"0": [1804, 0, false], "1": [1802, 0, false], "2": [1739, 0, false], "3": [1867, 0, false]}, "1804": {"0": [1804, 0, false], "1": [1803, 0, false], "2": [1740, 0, false], "3": [1804, 0, false]}, "1813": {"0": [1814, 0, false], "1": [1813, 0, false], "2": [1749, 0, false], "3": [1813, 0, false]}, "1814": {"0": [1815, 0, false], "1": [1813, 0, false], "2": [1750, 0, false], "3": [1878, 0, false]}, "1815": {"0": [1816, 0, false], "1": [1814, 0, false], "2": [1751, 0, false], "3": [1879, 0, false]}, "1816": {"0": [1816, 0, false], "1": [1815, 0, false], "2": [1752, 0, false], "3": [1880, 0, false]}, "1832": {"0": [1833, 0, false], "1": [1832, 0, false], "2": [1768, 0, false], "3": [1896, 0, false]}, "1833": {"0": [1834, 0, false], "1": [1832, 0, false], "2": [1769, 0, false], "3": [1897, 0, false]}, "1834": {"0": [1835, 0, false], "1": [1833, 0, false], "2": [1770, 0, false], "3": [1898, 0, false]}, "1835": {"0": [1835, 0, false], "1": [1834, 0, false], "2": [1771, 0, false], "3": [1899, 0, false]}, "1844": {"0": [1845, 0, false], "1": [1844, 0, false], "2": [1780, 0, false], "3": [1844, 0, false]}, "1845": {"0": [1846, 0, false], "1": [1844, 0, false], "2": [1781, 0, false], "3": [1909, 0, false]}, "1846": {"0": [1847, 0, false], "1": [1845, 0, false], "2": [1782, 0, false], "3": [1910, 0, false]}, "1847": {"0": [1848, 0, false], "1": [1846, 0, false], "2": [1783, 0, false], "3": [1911, 0, false]}, "1848": {"0": [1849, 0, false], "1": [1847, 0, false], "2": [1784, 0, false], "3": [1912, 0, false]}, "1849": {"0": [1849, 0, false], "1": [1848, 0, false], "2": [1849, 0, false], "3": [1913, 0, false]}, "1863": {"0": [1864, 0, false], "1": [1863, 0, false], "2": [1799, 0, false], "3": [1927, 0, false]}, "1864": {"0": [1865, 0, false], "1": [1863, 0, false], "2": [1800, 0, false], "3": [1928, 0, false]}, "1865": {"0": [1866, 0, false], "1": [1864, 0, false], "2": [1801, 0, false], "3": [1929, 0, false]}, "1866": {"0": [1867, 0, false], "1": [1865, 0, false], "2": [1802, 0, false], "3": [1930, 0, false]}, "1867": {"0": [1867, 0, false], "1": [1866, 0, false], "2": [1803, 0, false], "3": [1867, 0, false]}, "1878": {"0": [1879, 0, false], "1": [1878, 0, false], "2": [1814, 0, false], "3": [1942, 0, false]}, "1879": {"0": [1880, 0, false], "1": [1878, 0, false], "2": [1815, 0, false], "3": [1943, 0, false]}, "1880": {"0": [1880, 0, false], "1": [1879, 0, false], "2": [1816, 0, false], "3": [1944, 0, false]}, "1896": {"0": [1897, 0, false], "1": [1896, 0, false], "2": [1832, 0, false], "3": [1960, 0, false]}, "1897": {"0": [1898, 0, false], "1": [1896, 0, false], "2": [1833, 0, false], "3": [1961, 0, false]}, "1898": {"0": [1899, 0, false], "1": [1897, 0, false], "2": [1834, 0, false], "3": [1962, 0, false]}, "1899": {"0": [1899, 0, false], "1": [1898, 0, false], "2": [1835, 0, false], "3": [1963, 0, false]}, "1909": {"0": [1910, 0, false], "1": [1909, 0, false], "2": [1845, 0, false], "3": [1973, 0, false]}, "1910": {"0": [1911, 0, false], "1": [1909, 0, false], "2": [1846, 0, false], "3": [1974, 0, false]}, "1911": {"0": [1912, 0, false], "1": [1910, 0, false], "2": [1847, 0, false], "3": [1975, 0, false]}, "1912": {"0": [1913, 0, false], "1": [1911, 0, false], "2": [1848, 0, false], "3": [1976, 0, false]}, "1913": {"0": [1913, 0, false], "1": [1912, 0, false], "2": [1849, 0, false], "3": [1977, 0, false]}, "1927": {"0": [1928, 0, false], "1": [1927, 0, false], "2": [1863, 0, false], "3": [1991, 0, false]}, "1928": {"0": [1929, 0, false], "1": [1927, 0, false], "2": [1864, 0, false], "3": [1992, 0, false]}, "1929": {"0": [1930, 0, false], "1": [1928, 0, false], "2": [1865, 0, false], "3": [1993, 0, false]}, "1930": {"0": [1930, 0, false], "1": [1929, 0, false], "2": [1866, 0, false], "3": [1930, 0, false]}, "1942": {"0": [1943, 0, false], "1": [1942, 0, false], "2": [1878, 0, false], "3": [2006, 0, false]}, "1943": {"0": [1944, 0, false], "1": [1942, 0, false], "2": [1879, 0, false], "3": [2007, 0, false]}, "1944": {"0": [1944, 0, false], "1": [1943, 0, false], "2": [1880, 0, false], "3": [2008, 0, false]}, "1960": {"0": [1961, 0, false], "1": [1960, 0, false], "2": [1896, 0, false], "3": [2024, 0, false]}, "1961": {"0": [1962, 0, false], "1": [1960, 0, false], "2": [1897, 0, false], "3": [2025, 0, false]}, "1962": {"0": [1963, 0, false], "1": [1961, 0, false], "2": [1898, 0, false], "3": [2026, 0, false]}, "1963": {"0": [1963, 0, false], "1": [1962, 0, false], "2": [1899, 0, false], "3": [2027, 0, false]}, "1973": {"0": [1974, 0, false], "1": [1973, 0, false], "2": [1909, 0, false], "3": [2037, 0, false]}, "1974": {"0": [1975, 0, false], "1": [1973, 0, false], "2": [1910, 0, false], "3": [2038, 0, false]}, "1975": {"0": [1976, 0, false], "1": [1974, 0, false], "2": [1911, 0, false], "3": [2039, 0, false]}, "1976": {"0": [1977, 0, false], "1": [1975, 0, false], "2": [1912, 0, false], "3": [2040, 0, false]}, "1977": {"0": [1978, 0, false], "1": [1976, 0, false], "2": [1913, 0, false], "3": [2041, 0, false]}, "1978": {"0": [1978, 0, false], "1": [1977, 0, false], "2": [1978, 0, false], "3": [2042, 0, false]}, "1991": {"0": [1992, 0, false], "1": [1991, 0, false], "2": [1927, 0, false], "3": [1991, 0, false]}, "1992": {"0": [1993, 0, false], "1": [1991, 0, false], "2": [1928, 0, false], "3": [1992, 0, false]}, "1993": {"0": [1993, 0, false], "1": [1992, 0, false], "2": [1929, 0, false], "3": [1993, 0, false]}, "2006": {"0": [2007, 0, false], "1": [2006, 0, false], "2": [1942, 0, false], "3": [2070, 0, false]}, "2007": {"0": [2008, 0, false], "1": [2006, 0, false], "2": [1943, 0, false], "3": [2071, 0, false]}, "2008": {"0": [2009, 0, false], "1": [2007, 0, false], "2": [1944, 0, false], "3": [2072, 0, false]}, "2009": {"0": [2009, 0, false], "1": [2008, 0, false], "2": [2009, 0, false], "3": [2073, 0, false]}, "2024": {"0": [2025, 0, false], "1": [2024, 0, false], "2": [1960, 0, false], "3": [2088, 0, false]}, "2025": {"0": [2026, 0, false], "1": [2024, 0, false], "2": [1961, 0, false], "3": [2089, 0, false]}, "2026": {"0": [2027, 0, false], "1": [2025, 0, false], "2": [1962, 0, false], "3": [2090, 0, false]}, "2027": {"0": [2027, 0, false], "1": [2026, 0, false], "2": [1963, 0, false], "3": [2091, 0, false]}, "2037": {"0": [2038, 0, false], "1": [2037, 0, false], "2": [1973, 0, false], "3": [2037, 0, false]}, "2038": {"0": [2039, 0, false], "1": [2037, 0, false], "2": [1974, 0, false], "3": [2102, 0, false]}, "2039": {"0": [2040, 0, false], "1": [2038, 0, false], "2": [1975, 0, false], "3": [2103, 0, false]}, "2040": {"0": [2041, 0, false], "1": [2039, 0, false], "2": [1976, 0, false], "3": [2104, 0, false]}, "2041": {"0": [2042, 0, false], "1": [2040, 0, false], "2": [1977, 0, false], "3": [2105, 0, false]}, "2042": {"0": [2042, 0, false], "1": [2041, 0, false], "2": [1978, 0, false], "3": [2106, 0, false]}, "2070": {"0": [2071, 0, false], "1": [2070, 0, false], "2": [2006, 0, false], "3": [2134, 0, false]}, "2071": {"0": [2072, 0, false], "1": [2070, 0, false], "2": [2007, 0, false], "3": [2135, 0, false]}, "2072": {"0": [2073, 0, false], "1": [2071, 0, false], "2": [2008, 0, false], "3": [2136, 0, false]}, "2073": {"0": [2073, 0, false], "1": [2072, 0, false], "2": [2009, 0, false], "3": [2137, 0, false]}, "2088": {"0": [2089, 0, false], "1": [2088, 0, false], "2": [2024, 0, false], "3": [2152, 0, false]}, "2089": {"0": [2090, 0, false], "1": [2088, 0, false], "2": [2025, 0, false], "3": [2153, 0, false]}, "2090": {"0": [2091, 0, false], "1": [2089, 0, false], "2": [2026, 0, false], "3": [2154, 0, false]}, "2091": {"0": [2091, 0, false], "1": [2090, 0, false], "2": [2027, 0, false], "3": [2155, 0, false]}, "2102": {"0": [2103, 0, false], "1": [2102, 0, false], "2": [2038, 0, false], "3": [2166, 0, false]}, "2103": {"0": [2104, 0, false], "1": [2102, 0, false], "2": [2039, 0, false], "3": [2167, 0, false]}, "2104": {"0": [2105, 0, false], "1": [2103, 0, false], "2": [2040, 0, false], "3": [2168, 0, false]}, "2105": {"0": [2106, 0, false], "1": [2104, 0, false], "2": [2041, 0, false], "3": [2169, 0, false]}, "2106": {"0": [2106, 0, false], "1": [2105, 0, false], "2": [2042, 0, false], "3": [2170, 0, false]}, "2134": {"0": [2135, 0, false], "1": [2134, 0, false], "2": [2070, 0, false], "3": [2134, 0, false]}, "2135": {"0": [2136, 0, false], "1": [2134, 0, false], "2": [2071, 0, false], "3": [2199, 0, false]}, "2136": {"0": [2137, 0, false], "1": [2135, 0, false], "2": [2072, 0, false], "3": [2200, 0, false]}, "2137": {"0": [2138, 0, false], "1": [2136, 0, false], "2": [2073, 0, false], "3": [2201, 0, false]}, "2138": {"0": [2138, 0, false], "1": [2137, 0, false], "2": [2138, 0, false], "3": [2202, 0, false]}, "2152": {"0": [2153, 0, false], "1": [2152, 0, false], "2": [2088, 0, false], "3": [2216, 0, false]}, "2153": {"0": [2154, 0, false], "1": [2152, 0, false], "2": [2089, 0, false], "3": [2217, 0, false]}, "2154": {"0": [2155, 0, false], "1": [2153, 0, false], "2": [2090, 0, false], "3": [2218, 0, false]}, "2155": {"0": [2155, 0, false], "1": [2154, 0, false], "2": [2091, 0, false], "3": [2219, 0, false]}, "2166": {"0": [2167, 0, false], "1": [2166, 0, false], "2": [2102, 0, false], "3": [2230, 0, false]}, "2167": {"0": [2168, 0, false], "1": [2166, 0, false], "2": [2103, 0, false], "3": [2231, 0, false]}, "2168": {"0": [2169, 0, false], "1": [2167, 0, false], "2": [2104, 0, false], "3": [2232, 0, false]}, "2169": {"0": [2170, 0, false], "1": [2168, 0, false], "2": [2105, 0, false], "3": [2233, 0, false]}, "2170": {"0": [2171, 0, false], "1": [2169, 0, false], "2": [2106, 0, false], "3": [2234, 0, false]}, "2171": {"0": [2171, 0, false], "1": [2170, 0, false], "2": [2171, 0, false], "3": [2235, 0, false]}, "2199": {"0": [2200, 0, false], "1": [2199, 0, false], "2": [2135, 0, false], "3": [2199, 0, false]}, "2200": {"0": [2201, 0, false], "1": [2199, 0, false], "2": [2136, 0, false], "3": [2264, 0, false]}, "2201": {"0": [2202, 0, false], "1": [2200, 0, false], "2": [2137, 0, false], "3": [2265, 0, false]}, "2202": {"0": [2203, 0, false], "1": [2201, 0, false], "2": [2138, 0, false], "3": [2266, 0, false]}, "2203": {"0": [2203, 0, false], "1": [2202, 0, false], "2": [2203, 0, false], "3": [2267, 0, false]}, "2216": {"0": [2217, 0, false], "1": [2216, 0, false], "2": [2152, 0, false], "3": [2280, 0, false]}, "2217": {"0": [2218, 0, false], "1": [2216, 0, false], "2": [2153, 0, false], "3": [2281, 0, false]}, "2218": {"0": [2219, 0, false], "1": [2217, 0, false], "2": [2154, 0, false], "3": [2282, 0, false]}, "2219": {"0": [2219, 0, false], "1": [2218, 0, false], "2": [2155, 0, false], "3": [2283, 0, false]}, "2230": {"0": [2231, 0, false], "1": [2230, 0, false], "2": [2166, 0, false], "3": [2230, 0, false]}, "2231": {"0": [2232, 0, false], "1": [2230, 0, false], "2": [2167, 0, false], "3": [2295, 0, false]}, "2232": {"0": [2233, 0, false], "1": [2231, 0, false], "2": [2168, 0, false], "3": [2296, 0, false]}, "2233": {"0": [2234, 0, false], "1": [2232, 0, false], "2": [2169, 0, false], "3": [2297, 0, false]}, "2234": {"0": [2235, 0, false], "1": [2233, 0, false], "2": [2170, 0, false], "3": [2298, 0, false]}, "2235": {"0": [2235, 0, false], "1": [2234, 0, false], "2": [2171, 0, false], "3": [2299, 0, false]}, "2264": {"0": [2265, 0, false], "1": [2264, 0, false], "2": [2200, 0, false], "3": [2264, 0, false]}, "2265": {"0": [2266, 0, false], "1": [2264, 0, false], "2": [2201, 0, false], "3": [2329, 0, false]}, "2266": {"0": [2267, 0, false], "1": [2265, 0, false], "2": [2202, 0, false], "3": [2330, 0, false]}, "2267": {"0": [2268, 0, false], "1": [2266, 0, false], "2": [2203, 0, false], "3": [2331, 0, false]}, "2268": {"0": [2268, 0, false], "1": [2267, 0, false], "2": [2268, 0, false], "3": [2332, 0, false]}, "2280": {"0": [2281, 0, false], "1": [2280, 0, false], "2": [2216, 0, false], "3": [2344, 0, false]}, "2281": {"0": [2282, 0, false], "1": [2280, 0, false], "2": [2217, 0, false], "3": [2345, 0, false]}, "2282": {"0": [2283, 0, false], "1": [2281, 0, false], "2": [2218, 0, false], "3": [2346, 0, false]}, "2283": {"0": [2283, 0, false], "1": [2282, 0, false], "2": [2219, 0, false], "3": [2347, 0, false]}, "2295": {"0": [2296, 0, false], "1": [2295, 0, false], "2": [2231, 0, false], "3": [2295, 0, false]}, "2296": {"0": [2297, 0, false], "1": [2295, 0, false], "2": [2232, 0, false], "3": [2360, 0, false]}, "2297": {"0": [2298, 0, false], "1": [2296, 0, false], "2": [2233, 0, false], "3": [2361, 0, false]}, "2298": {"0": [2299, 0, false], "1": [2297, 0, false], "2": [2234, 0, false], "3": [2362, 0, false]}, "2299": {"0": [2299, 0, false], "1": [2298, 0, false], "2": [2235, 0, false], "3": [2363, 0, false]}, "2329": {"0": [2330, 0, false], "1": [2329, 0, false], "2": [2265, 0, false], "3": [2329, 0, false]}, "2330": {"0": [2331, 0, false], "1": [2329, 0, false], "2": [2266, 0, false], "3": [2394, 0, false]}, "2331": {"0": [2332, 0, false], "1": [2330, 0, false], "2": [2267, 0, false], "3": [2395, 0, false]}, "2332": {"0": [2333, 0, false], "1": [2331, 0, false], "2": [2268, 0, false], "3": [2396, 0, false]}, "2333": {"0": [2334, 0, false], "1": [2332, 0, false], "2": [2333, 0, false], "3": [2397, 0, false]}, "2334": {"0": [2334, 0, false], "1": [2333, 0, false], "2": [2334, 0, false], "3": [2398, 0, false]}, "2344": {"0": [2345, 0, false], "1": [2344, 0, false], "2": [2280, 0, false], "3": [2408, 0, false]}, "2345": {"0": [2346, 0, false], "1": [2344, 0, false], "2": [2281, 0, false], "3": [2409, 0, false]}, "2346": {"0": [2347, 0, false], "1": [2345, 0, false], "2": [2282, 0, false], "3": [2410, 0, false]}, "2347": {"0": [2347, 0, false], "1": [2346, 0, false], "2": [2283, 0, false], "3": [2411, 0, false]}, "2360": {"0": [2361, 0, false], "1": [2360, 0, false], "2": [2296, 0, false], "3": [2360, 0, false]}, "2361": {"0": [2362, 0, false], "1": [2360, 0, false], "2": [2297, 0, false], "3": [2425, 0, false]}, "2362": {"0": [2363, 0, false], "1": [2361, 0, false], "2": [2298, 0, false], "3": [2426, 0, false]}, "2363": {"0": [2363, 0, false], "1": [2362, 0, false], "2": [2299, 0, false], "3": [2427, 0, false]}, "2394": {"0": [2395, 0, false], "1": [2394, 0, false], "2": [2330, 0, false], "3": [2394, 0, false]}, "2395": {"0": [2396, 0, false], "1": [2394, 0, false], "2": [2331, 0, false], "3": [2459, 0, false]}, "2396": {"0": [2397, 0, false], "1": [2395, 0, false], "2": [2332, 0, false], "3": [2460, 0, false]}, "2397": {"0": [2398, 0, false], "1": [2396, 0, false], "2": [2333, 0, false], "3": [2461, 0, false]}, "2398": {"0": [2398, 0, false], "1": [2397, 0, false], "2": [2334, 0, false], "3": [2462, 0, false]}, "2400": {"0": [2400, 0, false], "1": [2400, 0, false], "2": [2400, 0, false], "3": [2464, 0, false]}, "2407": {"0": [2408, 0, false], "1": [2407, 0, false], "2": [2407, 0, false], "3": [2471, 0, false]}, "2408": {"0": [2409, 0, false], "1": [2407, 0, false], "2": [2344, 0, false], "3": [2472, 0, false]}, "2409": {"0": [2410, 0, false], "1": [2408, 0, false], "2": [2345, 0, false], "3": [2473, 0, false]}, "2410": {"0": [2411, 0, false], "1": [2409, 0, false], "2": [2346, 0, false], "3": [2474, 0, false]}, "2411": {"0": [2411, 0, false], "1": [2410, 0, false], "2": [2347, 0, false], "3": [2475, 0, false]}, "2425": {"0": [2426, 0, false], "1": [2425, 0, false], "2": [2361, 0, false], "3": [2425, 0, false]}, "2426": {"0": [2427, 0, false], "1": [2425, 0, false], "2": [2362, 0, false], "3": [2490, 0, false]}, "2427": {"0": [2427, 0, false], "1": [2426, 0, false], "2": [2363, 0, false], "3": [2491, 0, false]}, "2459": {"0": [2460, 0, false], "1": [2459, 0, false], "2": [2395, 0, false], "3": [2459, 0, false]}, "2460": {"0": [2461, 0, false], "1": [2459, 0, false], "2": [2396, 0, false], "3": [2524, 0, false]}, "2461": {"0": [2462, 0, false], "1": [2460, 0, false], "2": [2397, 0, false], "3": [2525, 0, false]}, "2462": {"0": [2463, 0, false], "1": [2461, 0, false], "2": [2398, 0, false], "3": [2526, 0, false]}, "2463": {"0": [2464, 0, false], "1": [2462, 0, false], "2": [2463, 0, false], "3": [2527, 0, false]}, "2464": {"0": [2465, 0, false], "1": [2463, 0, false], "2": [2400, 0, false], "3": [2528, 0, false]}, "2465": {"0": [2466, 0, false], "1": [2464, 0, false], "2": [2465, 0, false], "3": [2529, 0, false]}, "2466": {"0": [2467, 0, false], "1": [2465, 0, false], "2": [2466, 0, false], "3": [2530, 0, false]}, "2467": {"0": [2468, 0, false], "1": [2466, 0, false], "2": [2467, 0, false], "3": [2531, 0, false]}, "2468": {"0": [2469, 0, false], "1": [2467, 0, false], "2": [2468, 0, false], "3": [2532, 0, false]}, "2469": {"0": [2470, 0, false], "1": [2468, 0, false], "2": [2469, 0, false], "3": [2533, 0, false]}, "2470": {"0": [2471, 0, false], "1": [2469, 0, false], "2": [2470, 0, false], "3": [2534, 0, false]}, "2471": {"0": [2472, 0, false], "1": [2470, 0, false], "2": [2407, 0, false], "3": [2535, 0, false]}, "2472": {"0": [2473, 0, false], "1": [2471, 0, false], "2": [2408, 0, false], "3": [2536, 0, false]}, "2473": {"0": [2474, 0, false], "1": [2472, 0, false], "2": [2409, 0, false], "3": [2537, 0, false]}, "2474": {"0": [2475, 0, false], "1": [2473, 0, false], "2": [2410, 0, false], "3": [2538, 0, false]}, "2475": {"0": [2475, 0, false], "1": [2474, 0, false], "2": [2411, 0, false], "3": [2539, 0, false]}, "2490": {"0": [2491, 0, false], "1": [2490, 0, false], "2": [2426, 0, false], "3": [2490, 0, false]}, "2491": {"0": [2491, 0, false], "1": [2490, 0, false], "2": [2427, 0, false], "3": [2555, 0, false]}, "2524": {"0": [2525, 0, false], "1": [2524, 0, false], "2": [2460, 0, false], "3": [2588, 0, false]}, "2525": {"0": [2526, 0, false], "1": [2524, 0, false], "2": [2461, 0, false], "3": [2589, 0, false]}, "2526": {"0": [2527, 0, false], "1": [2525, 0, false], "2": [2462, 0, false], "3": [2590, 0, false]}, "2527": {"0": [2528, 0, false], "1": [2526, 0, false], "2": [2463, 0, false], "3": [2591, 0, false]}, "2528": {"0": [2529, 0, false], "1": [2527, 0, false], "2": [2464, 0, false], "3": [2592, 0, false]}, "2529": {"0": [2530, 0, false], "1": [2528, 0, false], "2": [2465, 0, false], "3": [2593, 0, false]}, "2530": {"0": [2531, 0, false], "1": [2529, 0, false], "2": [2466, 0, false], "3": [2594, 0, false]}, "2531": {"0": [2532, 0, false], "1": [2530, 0, false], "2": [2467, 0, false], "3": [2595, 0, false]}, "2532": {"0": [2533, 0, false], "1": [2531, 0, false], "2": [2468, 0, false], "3": [2596, 0, false]}, "2533": {"0": [2534, 0, false], "1": [2532, 0, false], "2": [2469, 0, false], "3": [2597, 0, false]}, "2534": {"0": [2535, 0, false], "1": [2533, 0, false], "2": [2470, 0, false], "3": [2598, 0, false]}, "2535": {"0": [2536, 0, false], "1": [2534, 0, false], "2": [2471, 0, false], "3": [2599, 0, false]}, "2536": {"0": [2537, 0, false], "1": [2535, 0, false], "2": [2472, 0, false], "3": [2600, 0, false]}, "2537": {"0": [2538, 0, false], "1": [2536, 0, false], "2": [2473, 0, false], "3": [2601, 0, false]}, "2538": {"0": [2539, 0, false], "1": [2537, 0, false], "2": [2474, 0, false], "3": [2602, 0, false]}, "2539": {"0": [2540, 0, false], "1": [2538, 0, false], "2": [2475, 0, false], "3": [2603, 0, false]}, "2540": {"0": [2540, 0, false], "1": [2539, 0, false], "2": [2540, 0, false], "3": [2604, 0, false]}, "2555": {"0": [2555, 0, false], "1": [2555, 0, false], "2": [2491, 0, false], "3": [2555, 0, false]}, "2588": {"0": [2589, 0, false], "1": [2588, 0, false], "2": [2524, 0, false], "3": [2652, 0, false]}, "2589": {"0": [2590, 0, false], "1": [2588, 0, false], "2": [2525, 0, false], "3": [2653, 0, false]}, "2590": {"0": [2591, 0, false], "1": [2589, 0, false], "2": [2526, 0, false], "3": [2654, 0, false]}, "2591": {"0": [2592, 0, false], "1": [2590, 0, false], "2": [2527, 0, false], "3": [2655, 0, false]}, "2592": {"0": [2593, 0, false], "1": [2591, 0, false], "2": [2528, 0, false], "3": [2656, 0, false]}, "2593": {"0": [2594, 0, false], "1": [2592, 0, false], "2": [2529, 0, false], "3": [2657, 0, false]}, "2594": {"0": [2595, 0, false], "1": [2593, 0, false], "2": [2530, 0, false], "3": [2658, 0, false]}, "2595": {"0": [2596, 0, false], "1": [2594, 0, false], "2": [2531, 0, false], "3": [2659, 0, false]}, "2596": {"0": [2597, 0, false], "1": [2595, 0, false], "2": [2532, 0, false], "3": [2660, 0, false]}, "2597": {"0": [2598, 0, false], "1": [2596, 0, false], "2": [2533, 0, false], "3": [2661, 0, false]}, "2598": {"0": [2599, 0, false], "1": [2597, 0, false], "2": [2534, 0, false], "3": [2662, 0, false]}, "2599": {"0": [2600, 0, false], "1": [2598, 0, false], "2": [2535, 0, false], "3": [2663, 0, false]}, "2600": {"0": [2601, 0, false], "1": [2599, 0, false], "2": [2536, 0, false], "3": [2664, 0, false]}, "2601": {"0": [2602, 0, false], "1": [2600, 0, false], "2": [2537, 0, false], "3": [2665, 0, false]}, "2602": {"0": [2603, 0, false], "1": [2601, 0, false], "2": [2538, 0, false], "3": [2666, 0, false]}, "2603": {"0": [2604, 0, false], "1": [2602, 0, false], "2": [2539, 0, false], "3": [2667, 0, false]}, "2604": {"0": [2605, 0, false], "1": [2603, 0, false], "2": [2540, 0, false], "3": [2668, 0, false]}, "2605": {"0": [2606, 0, false], "1": [2604, 0, false], "2": [2605, 0, false], "3": [2669, 0, false]}, "2606": {"0": [2606, 0, false], "1": [2605, 0, false], "2": [2606, 0, false], "3": [2670, 0, false]}, "2652": {"0": [2653, 0, false], "1": [2652, 0, false], "2": [2588, 0, false], "3": [2716, 0, false]}, "2653": {"0": [2654, 0, false], "1": [2652, 0, false], "2": [2589, 0, false], "3": [2717, 0, false]}, "2654": {"0": [2655, 0, false], "1": [2653, 0, false], "2": [2590, 0, false], "3": [2718, 0, false]}, "2655": {"0": [2656, 0, false], "1": [2654, 0, false], "2": [2591, 0, false], "3": [2719, 0, false]}, "2656": {"0": [2657, 0, false], "1": [2655, 0, false], "2": [2592, 0, false], "3": [2720, 0, false]}, "2657": {"0": [2658, 0, false], "1": [2656, 0, false], "2": [2593, 0, false], "3": [2721, 0, false]}, "2658": {"0": [2659, 0, false], "1": [2657, 0, false], "2": [2594, 0, false], "3": [2658, 0, false]}, "2659": {"0": [2660, 0, false], "1": [2658, 0, false], "2": [2595, 0, false], "3": [2659, 0, false]}, "2660": {"0": [2661, 0, false], "1": [2659, 0, false], "2": [2596, 0, false], "3": [2660, 0, false]}, "2661": {"0": [2662, 0, false], "1": [2660, 0, false], "2": [2597, 0, false], "3": [2661, 0, false]}, "2662": {"0": [2663, 0, false], "1": [2661, 0, false], "2": [2598, 0, false], "3": [2662, 0, false]}, "2663": {"0": [2664, 0, false], "1": [2662, 0, false], "2": [2599, 0, false], "3": [2663, 0, false]}, "2664": {"0": [2665, 0, false], "1": [2663, 0, false], "2": [2600, 0, false], "3": [2664, 0, false]}, "2665": {"0": [2666, 0, false], "1": [2664, 0, false], "2": [2601, 0, false], "3": [2665, 0, false]}, "2666": {"0": [2667, 0, false], "1": [2665, 0, false], "2": [2602, 0, false], "3": [2666, 0, false]}, "2667": {"0": [2668, 0, false], "1": [2666, 0, false], "2": [2603, 0, false], "3": [2731, 0, false]}, "2668": {"0": [2669, 0, false], "1": [2667, 0, false], "2": [2604, 0, false], "3": [2732, 0, false]}, "2669": {"0": [2670, 0, false], "1": [2668, 0, false], "2": [2605, 0, false], "3": [2733, 0, false]}, "2670": {"0": [2670, 0, false], "1": [2669, 0, false], "2": [2606, 0, false], "3": [2734, 0, false]}, "2716": {"0": [2717, 0, false], "1": [2716, 0, false], "2": [2652, 0, false], "3": [2780, 0, false]}, "2717": {"0": [2718, 0, false], "1": [2716, 0, false], "2": [2653, 0, false], "3": [2781, 0, false]}, "2718": {"0": [2719, 0, false], "1": [2717, 0, false], "2": [2654, 0, false], "3": [2782, 0, false]}, "2719": {"0": [2720, 0, false], "1": [2718, 0, false], "2": [2655, 0, false], "3": [2783, 0, false]}, "2720": {"0": [2721, 0, false], "1": [2719, 0, false], "2": [2656, 0, false], "3": [2720, 0, false]}, "2721": {"0": [2721, 0, false], "1": [2720, 0, false], "2": [2657, 0, false], "3": [2721, 0, false]}, "2731": {"0": [2732, 0, false], "1": [2731, 0, false], "2": [2667, 0, false], "3": [2795, 0, false]}, "2732": {"0": [2733, 0, false], "1": [2731, 0, false], "2": [2668, 0, false], "3": [2796, 0, false]}, "2733": {"0": [2734, 0, false], "1": [2732, 0, false], "2": [2669, 0, false], "3": [2797, 0, false]}, "2734": {"0": [2734, 0, false], "1": [2733, 0, false], "2": [2670, 0, false], "3": [2798, 0, false]}, "2780": {"0": [2781, 0, false], "1": [2780, 0, false], "2": [2716, 0, false], "3": [2844, 0, false]}, "2781": {"0": [2782, 0, false], "1": [2780, 0, false], "2": [2717, 0, false], "3": [2845, 0, false]}, "2782": {"0": [2783, 0, false], "1": [2781, 0, false], "2": [2718, 0, false], "3": [2846, 0, false]}, "2783": {"0": [2783, 0, false], "1": [2782, 0, false], "2": [2719, 0, false], "3": [2847, 0, false]}, "2795": {"0": [2796, 0, false], "1": [2795, 0, false], "2": [2731, 0, false], "3": [2795, 0, false]}, "2796": {"0": [2797, 0, false], "1": [2795, 0, false], "2": [2732, 0, false], "3": [2796, 0, false]}, "2797": {"0": [2798, 0, false], "1": [2796, 0, false], "2": [2733, 0, false], "3": [2797, 0, false]}, "2798": {"0": [2798, 0, false], "1": [2797, 0, false], "2": [2734, 0, false], "3": [2798, 0, false]}, "2844": {"0": [2845, 0, false], "1": [2844, 0, false], "2": [2780, 0, false], "3": [2908, 0, false]}, "2845": {"0": [2846, 0, false], "1": [2844, 0, false], "2": [2781, 0, false], "3": [2909, 0, false]}, "2846": {"0": [2847, 0, false], "1": [2845, 0, false], "2": [2782, 0, false], "3": [2910, 0, false]}, "2847": {"0": [2847, 0, false], "1": [2846, 0, false], "2": [2783, 0, false], "3": [2911, 0, false]}, "2908": {"0": [2909, 0, false], "1": [2908, 0, false], "2": [2844, 0, false], "3": [2972, 0, false]}, "2909": {"0": [2910, 0, false], "1": [2908, 0, false], "2": [2845, 0, false], "3": [2973, 0, false]}, "2910": {"0": [2911, 0, false], "1": [2909, 0, false], "2": [2846, 0, false], "3": [2974, 0, false]}, "2911": {"0": [2911, 0, false], "1": [2910, 0, false], "2": [2847, 0, false], "3": [2975, 0, false]}, "2972": {"0": [2973, 0, false], "1": [2972, 0, false], "2": [2908, 0, false], "3": [3036, 0, false]}, "2973": {"0": [2974, 0, false], "1": [2972, 0, false], "2": [2909, 0, false], "3": [3037, 0, false]}, "2974": {"0": [2975, 0, false], "1": [2973, 0, false], "2": [2910, 0, false], "3": [3038, 0, false]}, "2975": {"0": [2975, 0, false], "1": [2974, 0, false], "2": [2911, 0, false], "3": [3039, 0, false]}, "3036": {"0": [3037, 0, false], "1": [3036, 0, false], "2": [2972, 0, false], "3": [3100, 0, false]}, "3037": {"0": [3038, 0, false], "1": [3036, 0, false], "2": [2973, 0, false], "3": [3101, 0, false]}, "3038": {"0": [3039, 0, false], "1": [3037, 0, false], "2": [2974, 0, false], "3": [3102, 0, false]}, "3039": {"0": [3039, 0, false], "1": [3038, 0, false], "2": [2975, 0, false], "3": [3103, 0, false]}, "3100": {"0": [3101, 0, false], "1": [3100, 0, false], "2": [3036, 0, false], "3": [3100, 0, false]}, "3101": {"0": [3102, 0, false], "1": [3100, 0, false], "2": [3037, 0, false], "3": [3165, 0, false]}, "3102": {"0": [3103, 0, false], "1": [3101, 0, false], "2": [3038, 0, false], "3": [3166, 0, false]}, "3103": {"0": [3104, 0, false], "1": [3102, 0, false], "2": [3039, 0, false], "3": [3167, 0, false]}, "3104": {"0": [3105, 0, false], "1": [3103, 0, false], "2": [3104, 0, false], "3": [3168, 0, false]}, "3105": {"0": [3105, 0, false], "1": [3104, 0, false], "2": [3105, 0, false], "3": [3169, 0, false]}, "3126": {"0": [3127, 0, false], "1": [3126, 0, false], "2": [3126, 0, false], "3": [3190, 0, false]}, "3127": {"0": [3128, 0, false], "1": [3126, 0, false], "2": [3127, 0, false], "3": [3191, 0, false]}, "3128": {"0": [3129, 0, false], "1": [3127, 0, false], "2": [3128, 0, false], "3": [3192, 0, false]}, "3129": {"0": [3129, 0, false], "1": [3128, 0, false], "2": [3129, 0, false], "3": [3193, 0, false]}, "3165": {"0": [3166, 0, false], "1": [3165, 0, false], "2": [3101, 0, false], "3": [3165, 0, false]}, "3166": {"0": [3167, 0, false], "1": [3165, 0, false], "2": [3102, 0, false], "3": [3230, 0, false]}, "3167": {"0": [3168, 0, false], "1": [3166, 0, false], "2": [3103, 0, false], "3": [3231, 0, false]}, "3168": {"0": [3169, 0, false], "1": [3167, 0, false], "2": [3104, 0, false], "3": [3232, 0, false]}, "3169": {"0": [3169, 0, false], "1": [3168, 0, false], "2": [3105, 0, false], "3": [3233, 0, false]}, "3190": {"0": [3191, 0, false], "1": [3190, 0, false], "2": [3126, 0, false], "3": [3254, 0, false]}, "3191": {"0": [3192, 0, false], "1": [3190, 0, false], "2": [3127, 0, false], "3": [3255, 0, false]}, "3192": {"0": [3193, 0, false], "1": [3191, 0, false], "2": [3128, 0, false], "3": [3256, 0, false]}, "3193": {"0": [3193, 0, false], "1": [3192, 0, false], "2": [3129, 0, false], "3": [3257, 0, false]}, "3230": {"0": [3231, 0, false], "1": [3230, 0, false], "2": [3166, 0, false], "3": [3230, 0, false]}, "3231": {"0": [3232, 0, false], "1": [3230, 0, false], "2": [3167, 0, false], "3": [3295, 0, false]}, "3232": {"0": [3233, 0, false], "1": [3231, 0, false], "2": [3168, 0, false], "3": [3296, 0, false]}, "3233": {"0": [3234, 0, false], "1": [3232, 0, false], "2": [3169, 0, false], "3": [3297, 0, false]}, "3234": {"0": [3234, 0, false], "1": [3233, 0, false], "2": [3234, 0, false], "3": [3298, 0, false]}, "3253": {"0": [3254, 0, false], "1": [3253, 0, false], "2": [3253, 0, false], "3": [3317, 0, false]}, "3254": {"0": [3255, 0, false], "1": [3253, 0, false], "2": [3190, 0, false], "3": [3318, 0, false]}, "3255": {"0": [3256, 0, false], "1": [3254, 0, false], "2": [3191, 0, false], "3": [3319, 0, false]}, "3256": {"0": [3257, 0, false], "1": [3255, 0, false], "2": [3192, 0, false], "3": [3320, 0, false]}, "3257": {"0": [3257, 0, false], "1": [3256, 0, false], "2": [3193, 0, false], "3": [3321, 0, false]}, "3295": {"0": [3296, 0, false], "1": [3295, 0, false], "2": [3231, 0, false], "3": [3295, 0, false]}, "3296": {"0": [3297, 0, false], "1": [3295, 0, false], "2": [3232, 0, false], "3": [3360, 0, false]}, "3297": {"0": [3298, 0, false], "1": [3296, 0, false], "2": [3233, 0, false], "3": [3361, 0, false]}, "3298": {"0": [3299, 0, false], "1": [3297, 0, false], "2": [3234, 0, false], "3": [3362, 0, false]}, "3299": {"0": [3300, 0, false], "1": [3298, 0, false], "2": [3299, 0, false], "3": [3363, 0, false]}, "3300": {"0": [3301, 0, false], "1": [3299, 0, false], "2": [3300, 0, false], "3": [3364, 0, false]}, "3301": {"0": [3302, 0, false], "1": [3300, 0, false], "2": [3301, 0, false], "3": [3365, 0, false]}, "3302": {"0": [3303, 0, false], "1": [3301, 0, false], "2": [3302, 0, false], "3": [3366, 0, false]}, "3303": {"0": [3304, 0, false], "1": [3302, 0, false], "2": [3303, 0, false], "3": [3367, 0, false]}, "3304": {"0": [3305, 0, false], "1": [3303, 0, false], "2": [3304, 0, false], "3": [3368, 0, false]}, "3305": {"0": [3306, 0, false], "1": [3304, 0, false], "2": [3305, 0, false], "3": [3369, 0, false]}, "3306": {"0": [3307, 0, false], "1": [3305, 0, false], "2": [3306, 0, false], "3": [3370, 0, false]}, "3307": {"0": [3308, 0, false], "1": [3306, 0, false], "2": [3307, 0, false], "3": [3371, 0, false]}, "3308": {"0": [3308, 0, false], "1": [3307, 0, false], "2": [3308, 0, false], "3": [3372, 0, false]}, "3316": {"0": [3317, 0, false], "1": [3316, 0, false], "2": [3316, 0, false], "3": [3380, 0, false]}, "3317": {"0": [3318, 0, false], "1": [3316, 0, false], "2": [3253, 0, false], "3": [3381, 0, false]}, "3318": {"0": [3319, 0, false], "1": [3317, 0, false], "2": [3254, 0, false], "3": [3382, 0, false]}, "3319": {"0": [3320, 0, false], "1": [3318, 0, false], "2": [3255, 0, false], "3": [3383, 0, false]}, "3320": {"0": [3321, 0, false], "1": [3319, 0, false], "2": [3256, 0, false], "3": [3384, 0, false]}, "3321": {"0": [3321, 0, false], "1": [3320, 0, false], "2": [3257, 0, false], "3": [3385, 0, false]}, "3360": {"0": [3361, 0, false], "1": [3360, 0, false], "2": [3296, 0, false], "3": [3360, 0, false]}, "3361": {"0": [3362, 0, false], "1": [3360, 0, false], "2": [3297, 0, false], "3": [3425, 0, false]}, "3362": {"0": [3363, 0, false], "1": [3361, 0, false], "2": [3298, 0, false], "3": [3426, 0, false]}, "3363": {"0": [3364, 0, false], "1": [3362, 0, false], "2": [3299, 0, false], "3": [3427, 0, false]}, "3364": {"0": [3365, 0, false], "1": [3363, 0, false], "2": [3300, 0, false], "3": [3428, 0, false]}, "3365": {"0": [3366, 0, false], "1": [3364, 0, false], "2": [3301, 0, false], "3": [3429, 0, false]}, "3366": {"0": [3367, 0, false], "1": [3365, 0, false], "2": [3302, 0, false], "3": [3430, 0, false]}, "3367": {"0": [3368, 0, false], "1": [3366, 0, false], "2": [3303, 0, false], "3": [3431, 0, false]}, "3368": {"0": [3369, 0, false], "1": [3367, 0, false], "2": [3304, 0, false], "3": [3432, 0, false]}, "3369": {"0": [3370, 0, false], "1": [3368, 0, false], "2": [3305, 0, false], "3": [3433, 0, false]}, "3370": {"0": [3371, 0, false], "1": [3369, 0, false], "2": [3306, 0, false], "3": [3434, 0, false]}, "3371": {"0": [3372, 0, false], "1": [3370, 0, false], "2": [3307, 0, false], "3": [3435, 0, false]}, "3372": {"0": [3373, 0, false], "1": [3371, 0, false], "2": [3308, 0, false], "3": [3436, 0, false]}, "3373": {"0": [3374, 0, false], "1": [3372, 0, false], "2": [3373, 0, false], "3": [3437, 0, false]}, "3374": {"0": [3375, 0, false], "1": [3373, 0, false], "2": [3374, 0, false], "3": [3438, 0, false]}, "3375": {"0": [3376, 0, false], "1": [3374, 0, false], "2": [3375, 0, false], "3": [3439, 0, false]}, "3376": {"0": [3377, 0, false], "1": [3375, 0, false], "2": [3376, 0, false], "3": [3440, 0, false]}, "3377": {"0": [3378, 0, false], "1": [3376, 0, false], "2": [3377, 0, false], "3": [3441, 0, false]}, "3378": {"0": [3379, 0, false], "1": [3377, 0, false], "2": [3378, 0, false], "3": [3442, 0, false]}, "3379": {"0": [3380, 0, false], "1": [3378, 0, false], "2": [3379, 0, false], "3": [3443, 0, false]}, "3380": {"0": [3381, 0, false], "1": [3379, 0, false], "2": [3316, 0, false], "3": [3444, 0, false]}, "3381": {"0": [3382, 0, false], "1": [3380, 0, false], "2": [3317, 0, false], "3": [3445, 0, false]}, "3382": {"0": [3383, 0, false], "1": [3381, 0, false], "2": [3318, 0, false], "3": [3446, 0, false]}, "3383": {"0": [3384, 0, false], "1": [3382, 0, false], "2": [3319, 0, false], "3": [3447, 0, false]}, "3384": {"0": [3385, 0, false], "1": [3383, 0, false], "2": [3320, 0, false], "3": [3448, 0, false]}, "3385": {"0": [3385, 0, false], "1": [3384, 0, false], "2": [3321, 0, false], "3": [3449, 0, false]}, "3425": {"0": [3426, 0, false], "1": [3425, 0, false], "2": [3361, 0, false], "3": [3425, 0, false]}, "3426": {"0": [3427, 0, false], "1": [3425, 0, false], "2": [3362, 0, false], "3": [3426, 0, false]}, "3427": {"0": [3428, 0, false], "1": [3426, 0, false], "2": [3363, 0, false], "3": [3427, 0, false]}, "3428": {"0": [3429, 0, false], "1": [3427, 0, false], "2": [3364, 0, false], "3": [3428, 0, false]}, "3429": {"0": [3430, 0, false], "1": [3428, 0, false], "2": [3365, 0, false], "3": [3429, 0, false]}, "3430": {"0": [3431, 0, false], "1": [3429, 0, false], "2": [3366, 0, false], "3": [3430, 0, false]}, "3431": {"0": [3432, 0, false], "1": [3430, 0, false], "2": [3367, 0, false], "3": [3495, 0, false]}, "3432": {"0": [3433, 0, false], "1": [3431, 0, false], "2": [3368, 0, false], "3": [3496, 0, false]}, "3433": {"0": [3434, 0, false], "1": [3432, 0, false], "2": [3369, 0, false], "3": [3497, 0, false]}, "3434": {"0": [3435, 0, false], "1": [3433, 0, false], "2": [3370, 0, false], "3": [3498, 0, false]}, "3435": {"0": [3436, 0, false], "1": [3434, 0, false], "2": [3371, 0, false], "3": [3499, 0, false]}, "3436": {"0": [3437, 0, false], "1": [3435, 0, false], "2": [3372, 0, false], "3": [3500, 0, false]}, "3437": {"0": [3438, 0, false], "1": [3436, 0, false], "2": [3373, 0, false], "3": [3501, 0, false]}, "3438": {"0": [3439, 0, false], "1": [3437, 0, false], "2": [3374, 0, false], "3": [3502, 0, false]}, "3439": {"0": [3440, 0, false], "1": [3438, 0, false], "2": [3375, 0, false], "3": [3503, 0, false]}, "3440": {"0": [3441, 0, false], "1": [3439, 0, false], "2": [3376, 0, false], "3": [3504, 0, false]}, "3441": {"0": [3442, 0, false], "1": [3440, 0, false], "2": [3377, 0, false], "3": [3505, 0, false]}, "3442": {"0": [3443, 0, false], "1": [3441, 0, false], "2": [3378, 0, false], "3": [3506, 0, false]}, "3443": {"0": [3444, 0, false], "1": [3442, 0, false], "2": [3379, 0, false], "3": [3507, 0, false]}, "3444": {"0": [3445, 0, false], "1": [3443, 0, false], "2": [3380, 0, false], "3": [3508, 0, false]}, "3445": {"0": [3446, 0, false], "1": [3444, 0, false], "2": [3381, 0, false], "3": [3509, 0, false]}, "3446": {"0": [3447, 0, false], "1": [3445, 0, false], "2": [3382, 0, false], "3": [3510, 0, false]}, "3447": {"0": [3448, 0, false], "1": [3446, 0, false], "2": [3383, 0, false], "3": [3511, 0, false]}, "3448": {"0": [3449, 0, false], "1": [3447, 0, false], "2": [3384, 0, false], "3": [3512, 0, false]}, "3449": {"0": [3449, 0, false], "1": [3448, 0, false], "2": [3385, 0, false], "3": [3513, 0, false]}, "3495": {"0": [3496, 0, false], "1": [3495, 0, false], "2": [3431, 0, false], "3": [3495, 0, false]}, "3496": {"0": [3497, 0, false], "1": [3495, 0, false], "2": [3432, 0, false], "3": [3496, 0, false]}, "3497": {"0": [3498, 0, false], "1": [3496, 0, false], "2": [3433, 0, false], "3": [3561, 0, false]}, "3498": {"0": [3499, 0, false], "1": [3497, 0, false], "2": [3434, 0, false], "3": [3562, 0, false]}, "3499": {"0": [3500, 0, false], "1": [3498, 0, false], "2": [3435, 0, false], "3": [3563, 0, false]}, "3500": {"0": [3501, 0, false], "1": [3499, 0, false], "2": [3436, 0, false], "3": [3564, 0, false]}, "3501": {"0": [3502, 0, false], "1": [3500, 0, false], "2": [3437, 0, false], "3": [3565, 0, false]}, "3502": {"0": [3503, 0, false], "1": [3501, 0, false], "2": [3438, 0, false], "3": [3566, 0, false]}, "3503": {"0": [3504, 0, false], "1": [3502, 0, false], "2": [3439, 0, false], "3": [3567, 0, false]}, "3504": {"0": [3505, 0, false], "1": [3503, 0, false], "2": [3440, 0, false], "3": [3568, 0, false]}, "3505": {"0": [3506, 0, false], "1": [3504, 0, false], "2": [3441, 0, false], "3": [3569, 0, false]}, "3506": {"0": [3507, 0, false], "1": [3505, 0, false], "2": [3442, 0, false], "3": [3570, 0, false]}, "3507": {"0": [3508, 0, false], "1": [3506, 0, false], "2": [3443, 0, false], "3": [3571, 0, false]}, "3508": {"0": [3509, 0, false], "1": [3507, 0, false], "2": [3444, 0, false], "3": [3572, 0, false]}, "3509": {"0": [3510, 0, false], "1": [3508, 0, false], "2": [3445, 0, false], "3": [3573, 0, false]}, "3510": {"0": [3511, 0, false], "1": [3509, 0, false], "2": [3446, 0, false], "3": [3510, 0, false]}, "3511": {"0": [3512, 0, false], "1": [3510, 0, false], "2": [3447, 0, false], "3": [3511, 0, false]}, "3512": {"0": [3513, 0, false], "1": [3511, 0, false], "2": [3448, 0, false], "3": [3512, 0, false]}, "3513": {"0": [3513, 0, false], "1": [3512, 0, false], "2": [3449, 0, false], "3": [3513, 0, false]}, "3561": {"0": [3562, 0, false], "1": [3561, 0, false], "2": [3497, 0, false], "3": [3561, 0, false]}, "3562": {"0": [3563, 0, false], "1": [3561, 0, false], "2": [3498, 0, false], "3": [3562, 0, false]}, "3563": {"0": [3564, 0, false], "1": [3562, 0, false], "2": [3499, 0, false], "3": [3563, 0, false]}, "3564": {"0": [3565, 0, false], "1": [3563, 0, false], "2": [3500, 0, false], "3": [3564, 0, false]}, "3565": {"0": [3566, 0, false], "1": [3564, 0, false], "2": [3501, 0, false], "3": [3565, 0, false]}, "3566": {"0": [3567, 0, false], "1": [3565, 0, false], "2": [3502, 0, false], "3": [3566, 0, false]}, "3567": {"0": [3568, 0, false], "1": [3566, 0, false], "2": [3503, 0, false], "3": [3567, 0, false]}, "3568": {"0": [3569, 0, false], "1": [3567, 0, false], "2": [3504, 0, false], "3": [3568, 0, false]}, "3569": {"0": [3570, 0, false], "1": [3568, 0, false], "2": [3505, 0, false], "3": [3569, 0, false]}, "3570": {"0": [3571, 0, false], "1": [3569, 0, false], "2": [3506, 0, false], "3": [3570, 0, false]}, "3571": {"0": [3572, 0, false], "1": [3570, 0, false], "2": [3507, 0, false], "3": [3635, 0, false]}, "3572": {"0": [3573, 0, false], "1": [3571, 0, false], "2": [3508, 0, false], "3": [3572, 0, false]}, "3573": {"0": [3573, 0, false], "1": [3572, 0, false], "2": [3509, 0, false], "3": [3573, 0, false]}, "3635": {"0": [3635, 0, false], "1": [3635, 0, false], "2": [3571, 0, false], "3": [3635, 0, false]}}