{"created_at": "2025-07-01T11:43:10.041392+00:00", "train_time": 2, "train_step": 1, "platform": "tencent_kaiwu", "business": "competition", "user_id": 1, "team_id": 2, "project_code": "gorge_walk_v2", "project_version": "6.0.1", "task_id": "uuid", "algorithm": "dynamic_programming", "model_file_name": "gorge_walk_v2-dynamic_programming-1-2025_07_01_19_43_10-6.0.1.zip", "model_file_hash": "584598ac9d8d73247a743f66d0f712e817f89300ed299e15089db25201133672", "model_file_path": ["ckpt/model.ckpt-1.npy"], "signature": null}